user_id,install_date,country,app_version,ab_test
U00001,2025-03-26,Argentina,0.8.11,A
U00002,2025-03-23,Brazil,0.8.10,B
U00003,2025-03-24,Mexico,0.8.10,B
U00004,2025-03-26,Brazil,0.8.10,B
U00005,2025-03-22,Mexico,0.8.10,A
U00006,2025-03-27,Brazil,0.8.10,A
U00007,2025-03-24,Brazil,0.8.10,A
U00008,2025-03-24,Brazil,0.8.10,B
U00009,2025-03-26,Argentina,0.8.10,A
U00010,2025-03-21,Brazil,0.8.10,A
U00011,2025-03-22,Brazil,0.8.11,B
U00012,2025-03-26,Brazil,0.8.10,A
U00013,2025-03-22,Mexico,0.8.10,B
U00014,2025-03-22,Brazil,0.8.10,B
U00015,2025-03-27,Brazil,0.8.11,A
U00016,2025-03-24,Brazil,0.8.11,B
U00017,2025-03-23,Brazil,0.8.10,A
U00018,2025-03-27,Mexico,0.8.10,B
U00019,2025-03-27,Brazil,0.8.10,A
U00020,2025-03-22,Mexico,0.8.10,B
U00021,2025-03-25,Brazil,0.8.10,A
U00022,2025-03-24,Brazil,0.8.10,B
U00023,2025-03-21,Brazil,0.8.10,B
U00024,2025-03-27,Brazil,0.8.10,B
U00025,2025-03-23,Mexico,0.8.11,A
U00026,2025-03-25,Brazil,0.8.10,A
U00027,2025-03-25,Argentina,0.8.10,B
U00028,2025-03-21,Brazil,0.8.10,A
U00029,2025-03-27,Brazil,0.8.11,B
U00030,2025-03-23,Brazil,0.8.10,A
U00031,2025-03-24,Brazil,0.8.11,B
U00032,2025-03-20,Brazil,0.8.11,A
U00033,2025-03-23,Brazil,0.8.10,B
U00034,2025-03-21,Argentina,0.8.10,B
U00035,2025-03-25,Argentina,0.8.11,B
U00036,2025-03-24,Mexico,0.8.10,B
U00037,2025-03-23,Brazil,0.8.11,A
U00038,2025-03-20,Brazil,0.8.11,B
U00039,2025-03-20,Mexico,0.8.10,A
U00040,2025-03-22,Brazil,0.8.10,A
U00041,2025-03-22,Brazil,0.8.11,B
U00042,2025-03-26,Argentina,0.8.10,A
U00043,2025-03-21,Brazil,0.8.10,A
U00044,2025-03-27,Argentina,0.8.10,A
U00045,2025-03-23,Mexico,0.8.10,B
U00046,2025-03-23,Brazil,0.8.11,A
U00047,2025-03-27,Mexico,0.8.11,A
U00048,2025-03-26,Brazil,0.8.10,B
U00049,2025-03-25,Brazil,0.8.10,B
U00050,2025-03-25,Mexico,0.8.10,A
U00051,2025-03-26,Brazil,0.8.11,B
U00052,2025-03-25,Argentina,0.8.10,A
U00053,2025-03-22,Brazil,0.8.10,A
U00054,2025-03-23,Brazil,0.8.10,A
U00055,2025-03-26,Brazil,0.8.10,B
U00056,2025-03-23,Brazil,0.8.11,A
U00057,2025-03-27,Brazil,0.8.10,B
U00058,2025-03-20,Mexico,0.8.10,B
U00059,2025-03-22,Mexico,0.8.10,A
U00060,2025-03-24,Brazil,0.8.11,B
U00061,2025-03-22,Brazil,0.8.10,B
U00062,2025-03-26,Brazil,0.8.10,B
U00063,2025-03-24,Argentina,0.8.10,B
U00064,2025-03-20,Mexico,0.8.11,B
U00065,2025-03-26,Brazil,0.8.10,A
U00066,2025-03-21,Mexico,0.8.10,B
U00067,2025-03-23,Mexico,0.8.10,A
U00068,2025-03-20,Argentina,0.8.10,A
U00069,2025-03-23,Brazil,0.8.10,A
U00070,2025-03-25,Argentina,0.8.11,A
U00071,2025-03-21,Brazil,0.8.10,A
U00072,2025-03-21,Brazil,0.8.10,A
U00073,2025-03-20,Brazil,0.8.10,B
U00074,2025-03-21,Argentina,0.8.10,B
U00075,2025-03-24,Mexico,0.8.10,B
U00076,2025-03-21,Brazil,0.8.11,A
U00077,2025-03-23,Brazil,0.8.10,B
U00078,2025-03-23,Brazil,0.8.10,B
U00079,2025-03-26,Mexico,0.8.10,B
U00080,2025-03-23,Brazil,0.8.10,A
U00081,2025-03-26,Argentina,0.8.10,B
U00082,2025-03-23,Brazil,0.8.10,A
U00083,2025-03-24,Mexico,0.8.11,B
U00084,2025-03-27,Brazil,0.8.10,A
U00085,2025-03-26,Brazil,0.8.10,A
U00086,2025-03-22,Mexico,0.8.11,A
U00087,2025-03-25,Brazil,0.8.10,B
U00088,2025-03-20,Brazil,0.8.10,B
U00089,2025-03-23,Brazil,0.8.10,A
U00090,2025-03-21,Argentina,0.8.10,B
U00091,2025-03-27,Argentina,0.8.10,A
U00092,2025-03-23,Brazil,0.8.10,A
U00093,2025-03-21,Brazil,0.8.10,B
U00094,2025-03-25,Mexico,0.8.11,B
U00095,2025-03-25,Mexico,0.8.10,B
U00096,2025-03-25,Mexico,0.8.10,A
U00097,2025-03-21,Brazil,0.8.10,A
U00098,2025-03-23,Argentina,0.8.10,B
U00099,2025-03-25,Brazil,0.8.10,A
U00100,2025-03-24,Mexico,0.8.11,B
U00101,2025-03-26,Brazil,0.8.11,A
U00102,2025-03-21,Brazil,0.8.10,B
U00103,2025-03-21,Argentina,0.8.11,B
U00104,2025-03-23,Argentina,0.8.10,A
U00105,2025-03-21,Brazil,0.8.10,B
U00106,2025-03-21,Argentina,0.8.10,B
U00107,2025-03-25,Mexico,0.8.11,A
U00108,2025-03-23,Mexico,0.8.10,B
U00109,2025-03-25,Brazil,0.8.10,A
U00110,2025-03-26,Mexico,0.8.11,B
U00111,2025-03-27,Brazil,0.8.10,A
U00112,2025-03-26,Brazil,0.8.10,B
U00113,2025-03-27,Brazil,0.8.10,B
U00114,2025-03-25,Brazil,0.8.10,B
U00115,2025-03-26,Brazil,0.8.10,B
U00116,2025-03-23,Brazil,0.8.10,A
U00117,2025-03-20,Brazil,0.8.10,A
U00118,2025-03-25,Brazil,0.8.11,A
U00119,2025-03-27,Brazil,0.8.10,A
U00120,2025-03-24,Mexico,0.8.10,A
U00121,2025-03-27,Mexico,0.8.10,A
U00122,2025-03-24,Brazil,0.8.10,A
U00123,2025-03-21,Brazil,0.8.10,B
U00124,2025-03-26,Brazil,0.8.10,B
U00125,2025-03-24,Argentina,0.8.10,B
U00126,2025-03-27,Brazil,0.8.10,B
U00127,2025-03-21,Brazil,0.8.10,A
U00128,2025-03-20,Mexico,0.8.10,A
U00129,2025-03-23,Brazil,0.8.10,A
U00130,2025-03-23,Brazil,0.8.10,B
U00131,2025-03-23,Brazil,0.8.10,A
U00132,2025-03-24,Brazil,0.8.10,B
U00133,2025-03-20,Brazil,0.8.10,A
U00134,2025-03-24,Brazil,0.8.11,A
U00135,2025-03-26,Brazil,0.8.10,A
U00136,2025-03-24,Brazil,0.8.10,A
U00137,2025-03-20,Mexico,0.8.11,B
U00138,2025-03-20,Mexico,0.8.10,B
U00139,2025-03-26,Brazil,0.8.10,A
U00140,2025-03-20,Brazil,0.8.10,B
U00141,2025-03-27,Argentina,0.8.10,A
U00142,2025-03-20,Mexico,0.8.11,A
U00143,2025-03-23,Brazil,0.8.10,A
U00144,2025-03-27,Brazil,0.8.11,A
U00145,2025-03-27,Brazil,0.8.10,B
U00146,2025-03-26,Brazil,0.8.10,A
U00147,2025-03-22,Brazil,0.8.10,A
U00148,2025-03-22,Argentina,0.8.10,B
U00149,2025-03-20,Mexico,0.8.10,A
U00150,2025-03-27,Brazil,0.8.11,B
U00151,2025-03-22,Brazil,0.8.10,A
U00152,2025-03-22,Brazil,0.8.10,A
U00153,2025-03-20,Brazil,0.8.10,A
U00154,2025-03-22,Argentina,0.8.10,A
U00155,2025-03-24,Brazil,0.8.10,A
U00156,2025-03-21,Brazil,0.8.10,A
U00157,2025-03-26,Brazil,0.8.10,B
U00158,2025-03-21,Mexico,0.8.10,A
U00159,2025-03-20,Brazil,0.8.10,B
U00160,2025-03-23,Brazil,0.8.11,B
U00161,2025-03-26,Brazil,0.8.11,A
U00162,2025-03-20,Argentina,0.8.10,B
U00163,2025-03-27,Brazil,0.8.10,A
U00164,2025-03-23,Mexico,0.8.11,B
U00165,2025-03-21,Brazil,0.8.10,A
U00166,2025-03-20,Brazil,0.8.11,B
U00167,2025-03-27,Mexico,0.8.10,B
U00168,2025-03-26,Argentina,0.8.10,A
U00169,2025-03-26,Mexico,0.8.11,B
U00170,2025-03-25,Argentina,0.8.11,A
U00171,2025-03-27,Mexico,0.8.10,A
U00172,2025-03-24,Mexico,0.8.10,A
U00173,2025-03-22,Brazil,0.8.10,A
U00174,2025-03-23,Brazil,0.8.10,A
U00175,2025-03-27,Mexico,0.8.10,B
U00176,2025-03-25,Mexico,0.8.10,B
U00177,2025-03-22,Brazil,0.8.11,B
U00178,2025-03-22,Brazil,0.8.10,A
U00179,2025-03-20,Brazil,0.8.10,B
U00180,2025-03-22,Brazil,0.8.10,B
U00181,2025-03-24,Brazil,0.8.10,B
U00182,2025-03-26,Mexico,0.8.10,B
U00183,2025-03-25,Mexico,0.8.10,B
U00184,2025-03-22,Brazil,0.8.10,A
U00185,2025-03-20,Brazil,0.8.11,A
U00186,2025-03-24,Argentina,0.8.11,B
U00187,2025-03-21,Brazil,0.8.10,A
U00188,2025-03-26,Brazil,0.8.11,A
U00189,2025-03-26,Brazil,0.8.10,B
U00190,2025-03-25,Brazil,0.8.10,B
U00191,2025-03-26,Mexico,0.8.10,A
U00192,2025-03-22,Brazil,0.8.10,B
U00193,2025-03-20,Mexico,0.8.10,A
U00194,2025-03-26,Brazil,0.8.11,A
U00195,2025-03-26,Mexico,0.8.10,B
U00196,2025-03-21,Brazil,0.8.11,A
U00197,2025-03-21,Argentina,0.8.10,A
U00198,2025-03-23,Brazil,0.8.10,A
U00199,2025-03-24,Argentina,0.8.11,B
U00200,2025-03-22,Mexico,0.8.10,B
U00201,2025-03-26,Brazil,0.8.10,B
U00202,2025-03-27,Mexico,0.8.10,B
U00203,2025-03-26,Brazil,0.8.10,A
U00204,2025-03-20,Brazil,0.8.10,B
U00205,2025-03-23,Brazil,0.8.10,B
U00206,2025-03-24,Brazil,0.8.10,B
U00207,2025-03-27,Brazil,0.8.11,B
U00208,2025-03-23,Brazil,0.8.10,A
U00209,2025-03-25,Mexico,0.8.10,A
U00210,2025-03-24,Brazil,0.8.10,A
U00211,2025-03-26,Argentina,0.8.11,B
U00212,2025-03-26,Brazil,0.8.10,B
U00213,2025-03-24,Mexico,0.8.10,A
U00214,2025-03-26,Mexico,0.8.10,B
U00215,2025-03-22,Argentina,0.8.10,B
U00216,2025-03-24,Brazil,0.8.11,A
U00217,2025-03-23,Mexico,0.8.10,A
U00218,2025-03-24,Brazil,0.8.10,B
U00219,2025-03-27,Brazil,0.8.10,B
U00220,2025-03-26,Brazil,0.8.10,B
U00221,2025-03-22,Brazil,0.8.11,A
U00222,2025-03-22,Brazil,0.8.11,A
U00223,2025-03-25,Argentina,0.8.10,A
U00224,2025-03-23,Mexico,0.8.11,A
U00225,2025-03-21,Brazil,0.8.10,B
U00226,2025-03-21,Brazil,0.8.10,A
U00227,2025-03-24,Brazil,0.8.10,A
U00228,2025-03-25,Brazil,0.8.10,B
U00229,2025-03-20,Brazil,0.8.10,B
U00230,2025-03-24,Argentina,0.8.11,B
U00231,2025-03-25,Argentina,0.8.10,A
U00232,2025-03-23,Mexico,0.8.11,B
U00233,2025-03-23,Mexico,0.8.10,B
U00234,2025-03-23,Argentina,0.8.11,A
U00235,2025-03-23,Argentina,0.8.10,A
U00236,2025-03-23,Argentina,0.8.10,B
U00237,2025-03-25,Brazil,0.8.10,A
U00238,2025-03-25,Argentina,0.8.11,B
U00239,2025-03-22,Brazil,0.8.10,B
U00240,2025-03-27,Brazil,0.8.11,A
U00241,2025-03-21,Argentina,0.8.10,B
U00242,2025-03-26,Brazil,0.8.10,A
U00243,2025-03-23,Brazil,0.8.11,A
U00244,2025-03-20,Brazil,0.8.10,A
U00245,2025-03-26,Brazil,0.8.10,B
U00246,2025-03-25,Brazil,0.8.10,A
U00247,2025-03-20,Brazil,0.8.11,A
U00248,2025-03-20,Brazil,0.8.10,B
U00249,2025-03-20,Mexico,0.8.11,B
U00250,2025-03-22,Argentina,0.8.10,B
U00251,2025-03-25,Argentina,0.8.11,B
U00252,2025-03-20,Brazil,0.8.11,A
U00253,2025-03-23,Brazil,0.8.10,A
U00254,2025-03-24,Argentina,0.8.10,A
U00255,2025-03-20,Mexico,0.8.10,B
U00256,2025-03-22,Argentina,0.8.10,B
U00257,2025-03-26,Mexico,0.8.10,A
U00258,2025-03-25,Brazil,0.8.10,B
U00259,2025-03-27,Brazil,0.8.10,B
U00260,2025-03-22,Brazil,0.8.10,A
U00261,2025-03-20,Brazil,0.8.10,A
U00262,2025-03-25,Brazil,0.8.10,B
U00263,2025-03-24,Brazil,0.8.11,B
U00264,2025-03-20,Brazil,0.8.10,B
U00265,2025-03-22,Brazil,0.8.10,A
U00266,2025-03-21,Mexico,0.8.10,A
U00267,2025-03-23,Argentina,0.8.11,A
U00268,2025-03-27,Brazil,0.8.11,A
U00269,2025-03-26,Brazil,0.8.11,A
U00270,2025-03-22,Mexico,0.8.11,B
U00271,2025-03-25,Brazil,0.8.10,B
U00272,2025-03-27,Mexico,0.8.11,B
U00273,2025-03-27,Mexico,0.8.10,A
U00274,2025-03-27,Brazil,0.8.10,A
U00275,2025-03-20,Argentina,0.8.11,A
U00276,2025-03-23,Brazil,0.8.10,B
U00277,2025-03-20,Argentina,0.8.10,A
U00278,2025-03-25,Brazil,0.8.10,A
U00279,2025-03-20,Brazil,0.8.10,B
U00280,2025-03-21,Brazil,0.8.10,A
U00281,2025-03-23,Brazil,0.8.10,B
U00282,2025-03-23,Argentina,0.8.10,A
U00283,2025-03-25,Argentina,0.8.10,A
U00284,2025-03-26,Mexico,0.8.11,B
U00285,2025-03-21,Mexico,0.8.10,B
U00286,2025-03-22,Mexico,0.8.10,B
U00287,2025-03-20,Brazil,0.8.11,B
U00288,2025-03-24,Argentina,0.8.11,B
U00289,2025-03-20,Brazil,0.8.10,B
U00290,2025-03-27,Brazil,0.8.10,A
U00291,2025-03-20,Mexico,0.8.11,A
U00292,2025-03-22,Brazil,0.8.11,B
U00293,2025-03-20,Brazil,0.8.10,A
U00294,2025-03-21,Brazil,0.8.10,B
U00295,2025-03-21,Brazil,0.8.10,A
U00296,2025-03-23,Argentina,0.8.10,B
U00297,2025-03-25,Brazil,0.8.10,A
U00298,2025-03-26,Mexico,0.8.10,A
U00299,2025-03-24,Brazil,0.8.10,A
U00300,2025-03-27,Brazil,0.8.10,A
U00301,2025-03-20,Brazil,0.8.10,A
U00302,2025-03-20,Argentina,0.8.11,B
U00303,2025-03-22,Brazil,0.8.10,B
U00304,2025-03-25,Argentina,0.8.10,B
U00305,2025-03-21,Brazil,0.8.11,A
U00306,2025-03-24,Argentina,0.8.10,B
U00307,2025-03-23,Brazil,0.8.10,A
U00308,2025-03-21,Brazil,0.8.10,A
U00309,2025-03-27,Mexico,0.8.10,A
U00310,2025-03-25,Mexico,0.8.11,B
U00311,2025-03-27,Brazil,0.8.10,A
U00312,2025-03-26,Brazil,0.8.10,B
U00313,2025-03-23,Argentina,0.8.10,B
U00314,2025-03-26,Brazil,0.8.10,A
U00315,2025-03-22,Mexico,0.8.11,A
U00316,2025-03-27,Argentina,0.8.10,B
U00317,2025-03-22,Mexico,0.8.10,B
U00318,2025-03-20,Argentina,0.8.10,B
U00319,2025-03-26,Brazil,0.8.10,B
U00320,2025-03-25,Brazil,0.8.10,B
U00321,2025-03-27,Argentina,0.8.10,B
U00322,2025-03-24,Brazil,0.8.10,A
U00323,2025-03-23,Brazil,0.8.10,B
U00324,2025-03-21,Argentina,0.8.10,B
U00325,2025-03-25,Argentina,0.8.10,B
U00326,2025-03-25,Argentina,0.8.10,B
U00327,2025-03-22,Brazil,0.8.11,A
U00328,2025-03-26,Brazil,0.8.10,A
U00329,2025-03-27,Argentina,0.8.10,B
U00330,2025-03-27,Mexico,0.8.10,B
U00331,2025-03-20,Mexico,0.8.10,B
U00332,2025-03-20,Brazil,0.8.10,A
U00333,2025-03-23,Brazil,0.8.10,A
U00334,2025-03-22,Mexico,0.8.10,A
U00335,2025-03-25,Brazil,0.8.10,A
U00336,2025-03-27,Mexico,0.8.11,A
U00337,2025-03-24,Brazil,0.8.11,A
U00338,2025-03-22,Brazil,0.8.10,B
U00339,2025-03-23,Brazil,0.8.10,A
U00340,2025-03-23,Mexico,0.8.10,A
U00341,2025-03-22,Brazil,0.8.10,B
U00342,2025-03-23,Brazil,0.8.11,A
U00343,2025-03-22,Argentina,0.8.10,B
U00344,2025-03-21,Brazil,0.8.10,A
U00345,2025-03-22,Brazil,0.8.10,B
U00346,2025-03-26,Brazil,0.8.10,B
U00347,2025-03-22,Brazil,0.8.10,B
U00348,2025-03-23,Brazil,0.8.10,B
U00349,2025-03-27,Argentina,0.8.10,B
U00350,2025-03-26,Brazil,0.8.10,A
U00351,2025-03-23,Argentina,0.8.10,A
U00352,2025-03-20,Argentina,0.8.10,B
U00353,2025-03-20,Brazil,0.8.10,B
U00354,2025-03-27,Brazil,0.8.10,B
U00355,2025-03-27,Brazil,0.8.10,A
U00356,2025-03-26,Argentina,0.8.10,B
U00357,2025-03-21,Brazil,0.8.10,B
U00358,2025-03-27,Brazil,0.8.11,B
U00359,2025-03-20,Brazil,0.8.10,B
U00360,2025-03-22,Brazil,0.8.10,A
U00361,2025-03-23,Brazil,0.8.10,B
U00362,2025-03-20,Mexico,0.8.10,B
U00363,2025-03-20,Brazil,0.8.10,A
U00364,2025-03-21,Mexico,0.8.10,B
U00365,2025-03-26,Argentina,0.8.11,B
U00366,2025-03-26,Brazil,0.8.10,A
U00367,2025-03-25,Brazil,0.8.10,A
U00368,2025-03-21,Brazil,0.8.10,A
U00369,2025-03-22,Brazil,0.8.10,B
U00370,2025-03-26,Brazil,0.8.11,B
U00371,2025-03-23,Brazil,0.8.10,A
U00372,2025-03-27,Brazil,0.8.10,A
U00373,2025-03-21,Argentina,0.8.11,A
U00374,2025-03-27,Brazil,0.8.10,B
U00375,2025-03-20,Brazil,0.8.10,B
U00376,2025-03-23,Mexico,0.8.10,A
U00377,2025-03-23,Brazil,0.8.10,B
U00378,2025-03-20,Brazil,0.8.10,A
U00379,2025-03-21,Brazil,0.8.10,B
U00380,2025-03-20,Brazil,0.8.10,B
U00381,2025-03-27,Brazil,0.8.10,B
U00382,2025-03-25,Brazil,0.8.10,B
U00383,2025-03-23,Argentina,0.8.10,A
U00384,2025-03-24,Brazil,0.8.10,B
U00385,2025-03-24,Argentina,0.8.10,B
U00386,2025-03-27,Argentina,0.8.10,A
U00387,2025-03-22,Brazil,0.8.10,B
U00388,2025-03-26,Brazil,0.8.10,A
U00389,2025-03-20,Argentina,0.8.10,A
U00390,2025-03-20,Argentina,0.8.11,B
U00391,2025-03-22,Brazil,0.8.10,B
U00392,2025-03-22,Brazil,0.8.10,A
U00393,2025-03-27,Brazil,0.8.10,A
U00394,2025-03-27,Brazil,0.8.10,A
U00395,2025-03-22,Argentina,0.8.10,B
U00396,2025-03-23,Brazil,0.8.11,A
U00397,2025-03-27,Brazil,0.8.10,A
U00398,2025-03-25,Brazil,0.8.10,A
U00399,2025-03-27,Argentina,0.8.10,B
U00400,2025-03-20,Argentina,0.8.10,A
U00401,2025-03-27,Mexico,0.8.10,B
U00402,2025-03-23,Brazil,0.8.10,B
U00403,2025-03-22,Mexico,0.8.10,A
U00404,2025-03-20,Brazil,0.8.10,B
U00405,2025-03-27,Brazil,0.8.10,A
U00406,2025-03-23,Brazil,0.8.10,B
U00407,2025-03-25,Argentina,0.8.11,B
U00408,2025-03-27,Mexico,0.8.10,A
U00409,2025-03-23,Mexico,0.8.11,A
U00410,2025-03-25,Mexico,0.8.10,A
U00411,2025-03-22,Brazil,0.8.11,B
U00412,2025-03-27,Argentina,0.8.11,B
U00413,2025-03-25,Brazil,0.8.10,A
U00414,2025-03-20,Brazil,0.8.10,A
U00415,2025-03-22,Brazil,0.8.10,B
U00416,2025-03-20,Mexico,0.8.11,B
U00417,2025-03-24,Brazil,0.8.10,B
U00418,2025-03-21,Brazil,0.8.10,A
U00419,2025-03-27,Brazil,0.8.10,B
U00420,2025-03-25,Argentina,0.8.11,A
U00421,2025-03-21,Brazil,0.8.11,B
U00422,2025-03-21,Brazil,0.8.11,B
U00423,2025-03-25,Brazil,0.8.10,A
U00424,2025-03-22,Mexico,0.8.10,A
U00425,2025-03-27,Mexico,0.8.10,A
U00426,2025-03-24,Brazil,0.8.10,B
U00427,2025-03-20,Argentina,0.8.10,B
U00428,2025-03-23,Brazil,0.8.10,B
U00429,2025-03-20,Mexico,0.8.10,A
U00430,2025-03-23,Brazil,0.8.10,B
U00431,2025-03-20,Mexico,0.8.11,A
U00432,2025-03-25,Argentina,0.8.10,A
U00433,2025-03-24,Mexico,0.8.11,A
U00434,2025-03-27,Argentina,0.8.10,B
U00435,2025-03-23,Argentina,0.8.10,B
U00436,2025-03-27,Argentina,0.8.10,A
U00437,2025-03-27,Argentina,0.8.10,B
U00438,2025-03-27,Argentina,0.8.10,A
U00439,2025-03-26,Brazil,0.8.10,A
U00440,2025-03-22,Brazil,0.8.10,B
U00441,2025-03-20,Brazil,0.8.10,A
U00442,2025-03-27,Brazil,0.8.10,A
U00443,2025-03-20,Argentina,0.8.11,B
U00444,2025-03-27,Brazil,0.8.10,A
U00445,2025-03-23,Mexico,0.8.10,A
U00446,2025-03-22,Brazil,0.8.10,A
U00447,2025-03-22,Argentina,0.8.10,A
U00448,2025-03-25,Brazil,0.8.10,A
U00449,2025-03-26,Brazil,0.8.10,A
U00450,2025-03-25,Argentina,0.8.11,A
U00451,2025-03-25,Brazil,0.8.10,B
U00452,2025-03-25,Brazil,0.8.11,B
U00453,2025-03-25,Brazil,0.8.11,A
U00454,2025-03-25,Brazil,0.8.10,A
U00455,2025-03-24,Mexico,0.8.10,B
U00456,2025-03-22,Argentina,0.8.11,B
U00457,2025-03-25,Brazil,0.8.10,B
U00458,2025-03-27,Mexico,0.8.10,B
U00459,2025-03-22,Brazil,0.8.11,B
U00460,2025-03-22,Mexico,0.8.10,A
U00461,2025-03-21,Brazil,0.8.10,B
U00462,2025-03-24,Brazil,0.8.10,B
U00463,2025-03-25,Brazil,0.8.10,B
U00464,2025-03-20,Argentina,0.8.10,A
U00465,2025-03-23,Brazil,0.8.10,A
U00466,2025-03-26,Argentina,0.8.10,A
U00467,2025-03-27,Brazil,0.8.10,A
U00468,2025-03-20,Mexico,0.8.10,A
U00469,2025-03-24,Mexico,0.8.10,A
U00470,2025-03-23,Mexico,0.8.10,B
U00471,2025-03-24,Brazil,0.8.10,A
U00472,2025-03-27,Argentina,0.8.10,A
U00473,2025-03-22,Mexico,0.8.10,B
U00474,2025-03-23,Brazil,0.8.10,A
U00475,2025-03-22,Argentina,0.8.11,B
U00476,2025-03-27,Brazil,0.8.10,B
U00477,2025-03-20,Brazil,0.8.10,A
U00478,2025-03-27,Brazil,0.8.10,B
U00479,2025-03-20,Brazil,0.8.10,B
U00480,2025-03-23,Brazil,0.8.10,B
U00481,2025-03-23,Argentina,0.8.10,B
U00482,2025-03-25,Brazil,0.8.10,A
U00483,2025-03-24,Brazil,0.8.10,B
U00484,2025-03-25,Mexico,0.8.10,A
U00485,2025-03-24,Mexico,0.8.10,B
U00486,2025-03-25,Brazil,0.8.10,B
U00487,2025-03-22,Argentina,0.8.10,B
U00488,2025-03-23,Argentina,0.8.10,A
U00489,2025-03-20,Mexico,0.8.10,A
U00490,2025-03-24,Brazil,0.8.10,A
U00491,2025-03-27,Brazil,0.8.10,B
U00492,2025-03-24,Brazil,0.8.10,B
U00493,2025-03-20,Brazil,0.8.10,B
U00494,2025-03-25,Mexico,0.8.10,B
U00495,2025-03-24,Brazil,0.8.10,A
U00496,2025-03-26,Argentina,0.8.10,B
U00497,2025-03-22,Brazil,0.8.11,A
U00498,2025-03-23,Brazil,0.8.10,B
U00499,2025-03-20,Mexico,0.8.10,A
U00500,2025-03-23,Argentina,0.8.10,A
U00501,2025-03-26,Brazil,0.8.10,B
U00502,2025-03-24,Argentina,0.8.10,B
U00503,2025-03-24,Brazil,0.8.10,A
U00504,2025-03-27,Brazil,0.8.10,B
U00505,2025-03-26,Argentina,0.8.11,B
U00506,2025-03-20,Argentina,0.8.10,A
U00507,2025-03-27,Brazil,0.8.11,A
U00508,2025-03-22,Brazil,0.8.10,A
U00509,2025-03-27,Mexico,0.8.10,A
U00510,2025-03-21,Mexico,0.8.10,B
U00511,2025-03-20,Argentina,0.8.10,A
U00512,2025-03-21,Mexico,0.8.10,A
U00513,2025-03-26,Brazil,0.8.10,A
U00514,2025-03-25,Brazil,0.8.10,B
U00515,2025-03-21,Argentina,0.8.10,A
U00516,2025-03-22,Argentina,0.8.10,B
U00517,2025-03-27,Argentina,0.8.11,A
U00518,2025-03-25,Brazil,0.8.10,A
U00519,2025-03-27,Mexico,0.8.11,B
U00520,2025-03-21,Argentina,0.8.11,A
U00521,2025-03-27,Brazil,0.8.11,A
U00522,2025-03-26,Brazil,0.8.10,B
U00523,2025-03-25,Brazil,0.8.10,A
U00524,2025-03-26,Mexico,0.8.11,A
U00525,2025-03-21,Argentina,0.8.10,A
U00526,2025-03-26,Brazil,0.8.10,A
U00527,2025-03-22,Mexico,0.8.10,B
U00528,2025-03-21,Brazil,0.8.10,A
U00529,2025-03-21,Brazil,0.8.10,B
U00530,2025-03-21,Mexico,0.8.10,A
U00531,2025-03-20,Mexico,0.8.11,B
U00532,2025-03-27,Brazil,0.8.10,A
U00533,2025-03-20,Mexico,0.8.11,B
U00534,2025-03-20,Brazil,0.8.10,A
U00535,2025-03-22,Brazil,0.8.10,B
U00536,2025-03-25,Brazil,0.8.10,B
U00537,2025-03-27,Argentina,0.8.10,A
U00538,2025-03-26,Brazil,0.8.11,B
U00539,2025-03-24,Argentina,0.8.10,A
U00540,2025-03-21,Mexico,0.8.10,A
U00541,2025-03-26,Brazil,0.8.10,A
U00542,2025-03-21,Brazil,0.8.10,A
U00543,2025-03-22,Brazil,0.8.10,A
U00544,2025-03-21,Brazil,0.8.10,B
U00545,2025-03-20,Brazil,0.8.10,A
U00546,2025-03-27,Brazil,0.8.11,A
U00547,2025-03-24,Mexico,0.8.10,A
U00548,2025-03-23,Brazil,0.8.10,A
U00549,2025-03-21,Brazil,0.8.10,A
U00550,2025-03-26,Brazil,0.8.10,A
U00551,2025-03-20,Argentina,0.8.10,B
U00552,2025-03-23,Argentina,0.8.10,B
U00553,2025-03-24,Mexico,0.8.10,A
U00554,2025-03-23,Argentina,0.8.11,B
U00555,2025-03-20,Brazil,0.8.10,A
U00556,2025-03-27,Brazil,0.8.10,A
U00557,2025-03-27,Argentina,0.8.10,A
U00558,2025-03-25,Brazil,0.8.10,A
U00559,2025-03-27,Mexico,0.8.10,A
U00560,2025-03-25,Brazil,0.8.10,B
U00561,2025-03-23,Mexico,0.8.11,B
U00562,2025-03-22,Mexico,0.8.11,B
U00563,2025-03-26,Brazil,0.8.11,B
U00564,2025-03-26,Brazil,0.8.10,A
U00565,2025-03-23,Brazil,0.8.10,B
U00566,2025-03-21,Brazil,0.8.10,A
U00567,2025-03-21,Brazil,0.8.11,B
U00568,2025-03-27,Brazil,0.8.10,B
U00569,2025-03-26,Brazil,0.8.11,B
U00570,2025-03-26,Brazil,0.8.10,B
U00571,2025-03-25,Brazil,0.8.10,A
U00572,2025-03-22,Brazil,0.8.10,B
U00573,2025-03-20,Argentina,0.8.10,B
U00574,2025-03-21,Brazil,0.8.10,A
U00575,2025-03-26,Brazil,0.8.10,A
U00576,2025-03-25,Argentina,0.8.10,B
U00577,2025-03-24,Brazil,0.8.10,A
U00578,2025-03-25,Brazil,0.8.10,A
U00579,2025-03-21,Brazil,0.8.10,A
U00580,2025-03-21,Mexico,0.8.10,B
U00581,2025-03-25,Mexico,0.8.10,A
U00582,2025-03-20,Brazil,0.8.10,B
U00583,2025-03-23,Brazil,0.8.10,B
U00584,2025-03-21,Argentina,0.8.10,B
U00585,2025-03-25,Brazil,0.8.10,B
U00586,2025-03-26,Brazil,0.8.10,A
U00587,2025-03-25,Brazil,0.8.10,B
U00588,2025-03-22,Brazil,0.8.11,A
U00589,2025-03-23,Brazil,0.8.10,B
U00590,2025-03-24,Brazil,0.8.10,A
U00591,2025-03-20,Mexico,0.8.10,B
U00592,2025-03-27,Brazil,0.8.11,A
U00593,2025-03-24,Mexico,0.8.10,B
U00594,2025-03-23,Mexico,0.8.10,B
U00595,2025-03-23,Brazil,0.8.11,A
U00596,2025-03-23,Brazil,0.8.10,B
U00597,2025-03-24,Argentina,0.8.11,B
U00598,2025-03-26,Brazil,0.8.10,B
U00599,2025-03-23,Mexico,0.8.11,A
U00600,2025-03-25,Argentina,0.8.10,B
U00601,2025-03-24,Brazil,0.8.10,B
U00602,2025-03-27,Brazil,0.8.10,A
U00603,2025-03-23,Brazil,0.8.10,A
U00604,2025-03-25,Mexico,0.8.10,A
U00605,2025-03-26,Brazil,0.8.11,A
U00606,2025-03-22,Brazil,0.8.11,A
U00607,2025-03-26,Mexico,0.8.10,B
U00608,2025-03-27,Brazil,0.8.11,B
U00609,2025-03-23,Brazil,0.8.10,B
U00610,2025-03-27,Brazil,0.8.10,A
U00611,2025-03-24,Mexico,0.8.10,B
U00612,2025-03-21,Brazil,0.8.10,A
U00613,2025-03-23,Argentina,0.8.10,A
U00614,2025-03-21,Brazil,0.8.10,B
U00615,2025-03-25,Mexico,0.8.11,A
U00616,2025-03-22,Brazil,0.8.10,A
U00617,2025-03-20,Argentina,0.8.11,B
U00618,2025-03-27,Mexico,0.8.10,A
U00619,2025-03-26,Brazil,0.8.10,A
U00620,2025-03-22,Brazil,0.8.10,B
U00621,2025-03-23,Brazil,0.8.11,A
U00622,2025-03-21,Brazil,0.8.10,A
U00623,2025-03-26,Brazil,0.8.10,B
U00624,2025-03-21,Argentina,0.8.10,B
U00625,2025-03-24,Brazil,0.8.10,B
U00626,2025-03-21,Brazil,0.8.10,B
U00627,2025-03-24,Brazil,0.8.10,A
U00628,2025-03-25,Brazil,0.8.10,A
U00629,2025-03-26,Brazil,0.8.10,B
U00630,2025-03-26,Brazil,0.8.10,A
U00631,2025-03-20,Brazil,0.8.10,A
U00632,2025-03-23,Mexico,0.8.10,B
U00633,2025-03-24,Brazil,0.8.10,B
U00634,2025-03-20,Brazil,0.8.11,A
U00635,2025-03-21,Argentina,0.8.10,B
U00636,2025-03-21,Mexico,0.8.10,B
U00637,2025-03-20,Mexico,0.8.10,B
U00638,2025-03-26,Brazil,0.8.10,A
U00639,2025-03-21,Brazil,0.8.10,B
U00640,2025-03-27,Argentina,0.8.10,A
U00641,2025-03-25,Mexico,0.8.10,A
U00642,2025-03-25,Brazil,0.8.11,A
U00643,2025-03-27,Mexico,0.8.10,B
U00644,2025-03-20,Argentina,0.8.10,B
U00645,2025-03-27,Argentina,0.8.10,B
U00646,2025-03-24,Brazil,0.8.10,B
U00647,2025-03-24,Brazil,0.8.10,B
U00648,2025-03-20,Argentina,0.8.10,A
U00649,2025-03-27,Brazil,0.8.10,A
U00650,2025-03-24,Brazil,0.8.10,A
U00651,2025-03-26,Mexico,0.8.10,B
U00652,2025-03-27,Mexico,0.8.10,A
U00653,2025-03-26,Brazil,0.8.10,A
U00654,2025-03-24,Mexico,0.8.10,B
U00655,2025-03-25,Argentina,0.8.11,B
U00656,2025-03-24,Brazil,0.8.10,A
U00657,2025-03-26,Argentina,0.8.10,A
U00658,2025-03-22,Brazil,0.8.11,B
U00659,2025-03-23,Brazil,0.8.10,B
U00660,2025-03-21,Argentina,0.8.10,B
U00661,2025-03-27,Mexico,0.8.10,B
U00662,2025-03-22,Mexico,0.8.10,A
U00663,2025-03-24,Brazil,0.8.10,A
U00664,2025-03-25,Brazil,0.8.10,B
U00665,2025-03-20,Mexico,0.8.10,A
U00666,2025-03-24,Argentina,0.8.10,A
U00667,2025-03-25,Mexico,0.8.11,B
U00668,2025-03-23,Argentina,0.8.10,A
U00669,2025-03-24,Brazil,0.8.10,A
U00670,2025-03-26,Mexico,0.8.11,A
U00671,2025-03-20,Argentina,0.8.10,B
U00672,2025-03-25,Brazil,0.8.11,B
U00673,2025-03-25,Brazil,0.8.10,A
U00674,2025-03-25,Argentina,0.8.10,B
U00675,2025-03-23,Brazil,0.8.10,B
U00676,2025-03-24,Brazil,0.8.10,B
U00677,2025-03-23,Brazil,0.8.10,A
U00678,2025-03-27,Mexico,0.8.11,A
U00679,2025-03-21,Argentina,0.8.10,B
U00680,2025-03-21,Brazil,0.8.10,A
U00681,2025-03-27,Brazil,0.8.11,A
U00682,2025-03-24,Brazil,0.8.10,A
U00683,2025-03-26,Argentina,0.8.10,A
U00684,2025-03-23,Brazil,0.8.11,A
U00685,2025-03-20,Mexico,0.8.10,B
U00686,2025-03-25,Brazil,0.8.10,A
U00687,2025-03-25,Brazil,0.8.11,A
U00688,2025-03-24,Mexico,0.8.10,A
U00689,2025-03-26,Brazil,0.8.10,B
U00690,2025-03-21,Argentina,0.8.10,B
U00691,2025-03-21,Argentina,0.8.10,B
U00692,2025-03-25,Argentina,0.8.11,A
U00693,2025-03-24,Brazil,0.8.10,B
U00694,2025-03-23,Argentina,0.8.10,B
U00695,2025-03-21,Mexico,0.8.10,B
U00696,2025-03-23,Brazil,0.8.10,B
U00697,2025-03-26,Brazil,0.8.10,A
U00698,2025-03-21,Mexico,0.8.11,B
U00699,2025-03-21,Mexico,0.8.10,B
U00700,2025-03-22,Argentina,0.8.10,A
U00701,2025-03-21,Brazil,0.8.10,A
U00702,2025-03-27,Brazil,0.8.10,B
U00703,2025-03-20,Brazil,0.8.10,A
U00704,2025-03-27,Brazil,0.8.10,B
U00705,2025-03-24,Brazil,0.8.10,A
U00706,2025-03-24,Brazil,0.8.10,A
U00707,2025-03-23,Mexico,0.8.10,B
U00708,2025-03-27,Brazil,0.8.10,A
U00709,2025-03-27,Brazil,0.8.10,B
U00710,2025-03-27,Brazil,0.8.10,A
U00711,2025-03-26,Brazil,0.8.11,B
U00712,2025-03-21,Mexico,0.8.10,A
U00713,2025-03-20,Argentina,0.8.11,A
U00714,2025-03-23,Brazil,0.8.10,A
U00715,2025-03-27,Brazil,0.8.10,A
U00716,2025-03-27,Argentina,0.8.11,A
U00717,2025-03-22,Argentina,0.8.10,B
U00718,2025-03-23,Brazil,0.8.11,A
U00719,2025-03-27,Brazil,0.8.10,B
U00720,2025-03-23,Brazil,0.8.10,B
U00721,2025-03-21,Brazil,0.8.10,B
U00722,2025-03-22,Argentina,0.8.10,A
U00723,2025-03-23,Brazil,0.8.10,B
U00724,2025-03-20,Brazil,0.8.10,A
U00725,2025-03-20,Brazil,0.8.10,B
U00726,2025-03-24,Mexico,0.8.10,B
U00727,2025-03-22,Brazil,0.8.10,B
U00728,2025-03-22,Brazil,0.8.10,B
U00729,2025-03-24,Argentina,0.8.11,B
U00730,2025-03-23,Brazil,0.8.10,A
U00731,2025-03-22,Brazil,0.8.11,B
U00732,2025-03-20,Mexico,0.8.11,B
U00733,2025-03-20,Brazil,0.8.10,A
U00734,2025-03-27,Mexico,0.8.10,A
U00735,2025-03-21,Brazil,0.8.10,A
U00736,2025-03-22,Argentina,0.8.10,B
U00737,2025-03-23,Brazil,0.8.10,B
U00738,2025-03-24,Brazil,0.8.10,B
U00739,2025-03-24,Brazil,0.8.10,B
U00740,2025-03-23,Mexico,0.8.10,B
U00741,2025-03-26,Mexico,0.8.10,B
U00742,2025-03-25,Brazil,0.8.10,A
U00743,2025-03-21,Brazil,0.8.10,A
U00744,2025-03-24,Brazil,0.8.10,B
U00745,2025-03-22,Brazil,0.8.10,B
U00746,2025-03-21,Mexico,0.8.10,B
U00747,2025-03-22,Brazil,0.8.10,B
U00748,2025-03-26,Brazil,0.8.10,B
U00749,2025-03-20,Brazil,0.8.10,A
U00750,2025-03-21,Mexico,0.8.10,A
U00751,2025-03-27,Brazil,0.8.10,B
U00752,2025-03-24,Brazil,0.8.10,A
U00753,2025-03-21,Brazil,0.8.10,B
U00754,2025-03-21,Argentina,0.8.10,B
U00755,2025-03-21,Brazil,0.8.10,B
U00756,2025-03-25,Argentina,0.8.10,A
U00757,2025-03-21,Brazil,0.8.11,A
U00758,2025-03-22,Brazil,0.8.10,B
U00759,2025-03-20,Mexico,0.8.10,A
U00760,2025-03-26,Argentina,0.8.10,A
U00761,2025-03-23,Mexico,0.8.10,B
U00762,2025-03-21,Brazil,0.8.10,A
U00763,2025-03-24,Argentina,0.8.10,A
U00764,2025-03-21,Brazil,0.8.10,B
U00765,2025-03-24,Brazil,0.8.10,B
U00766,2025-03-22,Brazil,0.8.10,A
U00767,2025-03-24,Brazil,0.8.11,B
U00768,2025-03-27,Brazil,0.8.11,A
U00769,2025-03-23,Argentina,0.8.10,B
U00770,2025-03-20,Mexico,0.8.10,B
U00771,2025-03-24,Brazil,0.8.10,B
U00772,2025-03-24,Argentina,0.8.10,B
U00773,2025-03-20,Brazil,0.8.10,A
U00774,2025-03-23,Argentina,0.8.10,B
U00775,2025-03-21,Mexico,0.8.10,B
U00776,2025-03-24,Argentina,0.8.11,B
U00777,2025-03-20,Brazil,0.8.10,A
U00778,2025-03-27,Mexico,0.8.10,A
U00779,2025-03-27,Brazil,0.8.10,B
U00780,2025-03-22,Brazil,0.8.10,B
U00781,2025-03-20,Argentina,0.8.10,B
U00782,2025-03-22,Mexico,0.8.10,B
U00783,2025-03-27,Brazil,0.8.10,B
U00784,2025-03-23,Brazil,0.8.11,B
U00785,2025-03-21,Brazil,0.8.10,A
U00786,2025-03-20,Argentina,0.8.10,B
U00787,2025-03-26,Brazil,0.8.10,B
U00788,2025-03-27,Brazil,0.8.11,B
U00789,2025-03-27,Brazil,0.8.10,B
U00790,2025-03-26,Brazil,0.8.10,B
U00791,2025-03-25,Argentina,0.8.11,B
U00792,2025-03-27,Argentina,0.8.10,A
U00793,2025-03-24,Brazil,0.8.11,A
U00794,2025-03-23,Argentina,0.8.10,A
U00795,2025-03-20,Mexico,0.8.10,A
U00796,2025-03-26,Mexico,0.8.10,A
U00797,2025-03-24,Mexico,0.8.10,A
U00798,2025-03-26,Brazil,0.8.10,B
U00799,2025-03-20,Brazil,0.8.10,B
U00800,2025-03-22,Brazil,0.8.10,B
U00801,2025-03-20,Argentina,0.8.10,B
U00802,2025-03-25,Brazil,0.8.11,B
U00803,2025-03-20,Argentina,0.8.11,B
U00804,2025-03-20,Argentina,0.8.10,A
U00805,2025-03-25,Brazil,0.8.11,B
U00806,2025-03-23,Mexico,0.8.10,A
U00807,2025-03-27,Argentina,0.8.10,A
U00808,2025-03-20,Brazil,0.8.10,B
U00809,2025-03-25,Mexico,0.8.10,B
U00810,2025-03-24,Argentina,0.8.10,B
U00811,2025-03-22,Argentina,0.8.10,B
U00812,2025-03-22,Brazil,0.8.10,B
U00813,2025-03-20,Brazil,0.8.10,B
U00814,2025-03-23,Mexico,0.8.10,B
U00815,2025-03-23,Argentina,0.8.11,A
U00816,2025-03-24,Brazil,0.8.10,B
U00817,2025-03-20,Brazil,0.8.11,B
U00818,2025-03-22,Mexico,0.8.11,A
U00819,2025-03-23,Argentina,0.8.11,B
U00820,2025-03-20,Argentina,0.8.11,B
U00821,2025-03-26,Brazil,0.8.11,A
U00822,2025-03-23,Mexico,0.8.10,B
U00823,2025-03-25,Argentina,0.8.10,B
U00824,2025-03-26,Brazil,0.8.10,B
U00825,2025-03-27,Brazil,0.8.10,B
U00826,2025-03-23,Mexico,0.8.10,B
U00827,2025-03-22,Brazil,0.8.10,B
U00828,2025-03-21,Brazil,0.8.11,A
U00829,2025-03-26,Mexico,0.8.11,B
U00830,2025-03-27,Brazil,0.8.11,B
U00831,2025-03-24,Brazil,0.8.10,A
U00832,2025-03-24,Brazil,0.8.10,A
U00833,2025-03-22,Brazil,0.8.10,B
U00834,2025-03-23,Brazil,0.8.10,A
U00835,2025-03-20,Brazil,0.8.10,B
U00836,2025-03-23,Brazil,0.8.10,B
U00837,2025-03-22,Argentina,0.8.11,A
U00838,2025-03-24,Brazil,0.8.10,B
U00839,2025-03-23,Argentina,0.8.10,B
U00840,2025-03-24,Brazil,0.8.10,A
U00841,2025-03-26,Brazil,0.8.10,A
U00842,2025-03-27,Brazil,0.8.10,A
U00843,2025-03-20,Argentina,0.8.11,A
U00844,2025-03-26,Mexico,0.8.10,B
U00845,2025-03-24,Argentina,0.8.10,A
U00846,2025-03-24,Brazil,0.8.10,A
U00847,2025-03-21,Argentina,0.8.10,A
U00848,2025-03-21,Brazil,0.8.10,A
U00849,2025-03-26,Brazil,0.8.10,A
U00850,2025-03-25,Brazil,0.8.10,B
U00851,2025-03-26,Mexico,0.8.10,A
U00852,2025-03-21,Brazil,0.8.10,B
U00853,2025-03-24,Brazil,0.8.10,A
U00854,2025-03-22,Brazil,0.8.11,A
U00855,2025-03-26,Argentina,0.8.10,A
U00856,2025-03-24,Brazil,0.8.10,A
U00857,2025-03-22,Mexico,0.8.10,A
U00858,2025-03-22,Brazil,0.8.10,A
U00859,2025-03-21,Brazil,0.8.10,A
U00860,2025-03-26,Brazil,0.8.10,A
U00861,2025-03-23,Brazil,0.8.10,B
U00862,2025-03-20,Brazil,0.8.11,A
U00863,2025-03-21,Brazil,0.8.10,B
U00864,2025-03-21,Argentina,0.8.11,A
U00865,2025-03-23,Brazil,0.8.10,B
U00866,2025-03-20,Brazil,0.8.11,A
U00867,2025-03-24,Brazil,0.8.11,A
U00868,2025-03-25,Brazil,0.8.10,A
U00869,2025-03-26,Brazil,0.8.11,B
U00870,2025-03-25,Mexico,0.8.10,B
U00871,2025-03-24,Brazil,0.8.11,B
U00872,2025-03-27,Argentina,0.8.10,B
U00873,2025-03-21,Brazil,0.8.10,A
U00874,2025-03-20,Mexico,0.8.10,A
U00875,2025-03-21,Argentina,0.8.11,A
U00876,2025-03-22,Brazil,0.8.10,B
U00877,2025-03-21,Brazil,0.8.10,A
U00878,2025-03-21,Brazil,0.8.10,B
U00879,2025-03-24,Brazil,0.8.11,B
U00880,2025-03-24,Mexico,0.8.10,B
U00881,2025-03-24,Mexico,0.8.10,B
U00882,2025-03-25,Brazil,0.8.10,B
U00883,2025-03-22,Mexico,0.8.10,A
U00884,2025-03-27,Brazil,0.8.10,B
U00885,2025-03-27,Argentina,0.8.11,B
U00886,2025-03-24,Brazil,0.8.10,A
U00887,2025-03-20,Argentina,0.8.10,B
U00888,2025-03-25,Mexico,0.8.10,B
U00889,2025-03-23,Argentina,0.8.10,A
U00890,2025-03-20,Argentina,0.8.10,A
U00891,2025-03-26,Argentina,0.8.10,A
U00892,2025-03-26,Mexico,0.8.10,B
U00893,2025-03-20,Argentina,0.8.11,A
U00894,2025-03-24,Brazil,0.8.10,A
U00895,2025-03-23,Mexico,0.8.11,A
U00896,2025-03-23,Argentina,0.8.11,B
U00897,2025-03-25,Mexico,0.8.10,A
U00898,2025-03-23,Brazil,0.8.11,B
U00899,2025-03-26,Brazil,0.8.10,B
U00900,2025-03-22,Argentina,0.8.10,A
U00901,2025-03-24,Brazil,0.8.10,B
U00902,2025-03-23,Brazil,0.8.10,B
U00903,2025-03-25,Mexico,0.8.10,A
U00904,2025-03-26,Brazil,0.8.10,B
U00905,2025-03-22,Brazil,0.8.10,A
U00906,2025-03-21,Brazil,0.8.10,B
U00907,2025-03-21,Brazil,0.8.11,B
U00908,2025-03-22,Brazil,0.8.10,A
U00909,2025-03-26,Brazil,0.8.10,A
U00910,2025-03-25,Brazil,0.8.10,B
U00911,2025-03-22,Mexico,0.8.10,B
U00912,2025-03-24,Brazil,0.8.10,A
U00913,2025-03-24,Brazil,0.8.11,B
U00914,2025-03-21,Brazil,0.8.10,B
U00915,2025-03-23,Brazil,0.8.10,B
U00916,2025-03-25,Mexico,0.8.11,B
U00917,2025-03-21,Brazil,0.8.11,A
U00918,2025-03-23,Argentina,0.8.10,A
U00919,2025-03-23,Brazil,0.8.10,A
U00920,2025-03-27,Argentina,0.8.10,A
U00921,2025-03-24,Brazil,0.8.10,A
U00922,2025-03-26,Argentina,0.8.10,A
U00923,2025-03-20,Argentina,0.8.10,B
U00924,2025-03-26,Brazil,0.8.11,A
U00925,2025-03-20,Mexico,0.8.10,B
U00926,2025-03-22,Argentina,0.8.10,B
U00927,2025-03-24,Argentina,0.8.10,B
U00928,2025-03-23,Mexico,0.8.10,A
U00929,2025-03-25,Argentina,0.8.10,B
U00930,2025-03-20,Argentina,0.8.10,A
U00931,2025-03-26,Argentina,0.8.11,B
U00932,2025-03-23,Brazil,0.8.10,B
U00933,2025-03-20,Mexico,0.8.10,A
U00934,2025-03-20,Argentina,0.8.10,B
U00935,2025-03-27,Mexico,0.8.10,B
U00936,2025-03-20,Brazil,0.8.10,B
U00937,2025-03-25,Brazil,0.8.10,B
U00938,2025-03-24,Argentina,0.8.10,A
U00939,2025-03-25,Mexico,0.8.11,B
U00940,2025-03-21,Mexico,0.8.10,B
U00941,2025-03-23,Mexico,0.8.10,A
U00942,2025-03-24,Brazil,0.8.10,B
U00943,2025-03-27,Brazil,0.8.11,B
U00944,2025-03-24,Mexico,0.8.10,B
U00945,2025-03-24,Mexico,0.8.10,B
U00946,2025-03-26,Brazil,0.8.10,A
U00947,2025-03-24,Brazil,0.8.10,B
U00948,2025-03-27,Mexico,0.8.10,A
U00949,2025-03-25,Brazil,0.8.10,B
U00950,2025-03-24,Mexico,0.8.10,B
U00951,2025-03-22,Mexico,0.8.10,B
U00952,2025-03-23,Brazil,0.8.11,A
U00953,2025-03-24,Brazil,0.8.10,B
U00954,2025-03-23,Mexico,0.8.10,B
U00955,2025-03-22,Mexico,0.8.10,A
U00956,2025-03-22,Mexico,0.8.11,A
U00957,2025-03-23,Brazil,0.8.10,A
U00958,2025-03-20,Mexico,0.8.11,A
U00959,2025-03-21,Mexico,0.8.10,B
U00960,2025-03-26,Argentina,0.8.10,B
U00961,2025-03-20,Brazil,0.8.11,B
U00962,2025-03-20,Brazil,0.8.10,B
U00963,2025-03-25,Brazil,0.8.10,A
U00964,2025-03-26,Argentina,0.8.11,B
U00965,2025-03-26,Brazil,0.8.10,B
U00966,2025-03-20,Mexico,0.8.10,B
U00967,2025-03-24,Argentina,0.8.10,B
U00968,2025-03-25,Mexico,0.8.10,A
U00969,2025-03-25,Brazil,0.8.10,B
U00970,2025-03-22,Argentina,0.8.10,B
U00971,2025-03-27,Brazil,0.8.10,B
U00972,2025-03-26,Argentina,0.8.10,A
U00973,2025-03-20,Argentina,0.8.10,A
U00974,2025-03-22,Brazil,0.8.11,B
U00975,2025-03-23,Brazil,0.8.10,B
U00976,2025-03-21,Brazil,0.8.11,B
U00977,2025-03-27,Mexico,0.8.10,A
U00978,2025-03-27,Argentina,0.8.10,B
U00979,2025-03-27,Mexico,0.8.10,B
U00980,2025-03-25,Brazil,0.8.10,B
U00981,2025-03-23,Mexico,0.8.10,A
U00982,2025-03-27,Brazil,0.8.10,B
U00983,2025-03-23,Mexico,0.8.10,B
U00984,2025-03-24,Brazil,0.8.11,A
U00985,2025-03-27,Brazil,0.8.10,A
U00986,2025-03-21,Brazil,0.8.10,B
U00987,2025-03-23,Brazil,0.8.10,A
U00988,2025-03-23,Brazil,0.8.10,B
U00989,2025-03-21,Brazil,0.8.10,A
U00990,2025-03-27,Brazil,0.8.10,A
U00991,2025-03-21,Argentina,0.8.11,B
U00992,2025-03-23,Mexico,0.8.10,B
U00993,2025-03-21,Brazil,0.8.10,B
U00994,2025-03-23,Brazil,0.8.10,A
U00995,2025-03-23,Brazil,0.8.10,B
U00996,2025-03-24,Brazil,0.8.10,B
U00997,2025-03-20,Argentina,0.8.10,B
U00998,2025-03-23,Mexico,0.8.10,B
U00999,2025-03-27,Argentina,0.8.10,B
U01000,2025-03-22,Brazil,0.8.10,A
U01001,2025-03-25,Brazil,0.8.10,B
U01002,2025-03-26,Brazil,0.8.10,B
U01003,2025-03-20,Brazil,0.8.10,A
U01004,2025-03-20,Brazil,0.8.10,B
U01005,2025-03-20,Argentina,0.8.11,B
U01006,2025-03-24,Mexico,0.8.11,B
U01007,2025-03-23,Brazil,0.8.11,B
U01008,2025-03-24,Mexico,0.8.10,B
U01009,2025-03-23,Argentina,0.8.10,A
U01010,2025-03-27,Brazil,0.8.10,A
U01011,2025-03-24,Mexico,0.8.11,A
U01012,2025-03-24,Mexico,0.8.10,B
U01013,2025-03-25,Brazil,0.8.11,A
U01014,2025-03-22,Brazil,0.8.11,B
U01015,2025-03-24,Brazil,0.8.10,B
U01016,2025-03-25,Mexico,0.8.10,B
U01017,2025-03-21,Brazil,0.8.10,A
U01018,2025-03-22,Brazil,0.8.11,A
U01019,2025-03-27,Brazil,0.8.10,A
U01020,2025-03-24,Mexico,0.8.11,B
U01021,2025-03-26,Argentina,0.8.10,A
U01022,2025-03-20,Mexico,0.8.10,B
U01023,2025-03-21,Brazil,0.8.11,A
U01024,2025-03-21,Argentina,0.8.10,A
U01025,2025-03-27,Brazil,0.8.10,B
U01026,2025-03-25,Argentina,0.8.10,B
U01027,2025-03-21,Brazil,0.8.10,A
U01028,2025-03-22,Brazil,0.8.10,A
U01029,2025-03-24,Argentina,0.8.10,A
U01030,2025-03-24,Brazil,0.8.11,B
U01031,2025-03-26,Brazil,0.8.11,B
U01032,2025-03-27,Brazil,0.8.10,A
U01033,2025-03-20,Mexico,0.8.10,A
U01034,2025-03-25,Mexico,0.8.10,B
U01035,2025-03-20,Brazil,0.8.10,A
U01036,2025-03-21,Argentina,0.8.11,B
U01037,2025-03-27,Brazil,0.8.10,B
U01038,2025-03-26,Brazil,0.8.10,B
U01039,2025-03-20,Brazil,0.8.10,B
U01040,2025-03-22,Brazil,0.8.10,B
U01041,2025-03-24,Brazil,0.8.10,B
U01042,2025-03-21,Brazil,0.8.10,A
U01043,2025-03-26,Brazil,0.8.10,B
U01044,2025-03-20,Argentina,0.8.10,B
U01045,2025-03-25,Argentina,0.8.10,A
U01046,2025-03-22,Brazil,0.8.10,B
U01047,2025-03-22,Brazil,0.8.10,A
U01048,2025-03-20,Brazil,0.8.10,B
U01049,2025-03-24,Brazil,0.8.10,A
U01050,2025-03-20,Brazil,0.8.10,A
U01051,2025-03-21,Brazil,0.8.10,B
U01052,2025-03-20,Mexico,0.8.10,B
U01053,2025-03-22,Argentina,0.8.11,B
U01054,2025-03-26,Argentina,0.8.11,B
U01055,2025-03-20,Brazil,0.8.10,A
U01056,2025-03-24,Brazil,0.8.11,A
U01057,2025-03-27,Mexico,0.8.10,A
U01058,2025-03-26,Mexico,0.8.10,B
U01059,2025-03-25,Argentina,0.8.10,A
U01060,2025-03-23,Brazil,0.8.10,B
U01061,2025-03-20,Brazil,0.8.10,B
U01062,2025-03-24,Brazil,0.8.10,A
U01063,2025-03-26,Brazil,0.8.10,B
U01064,2025-03-24,Brazil,0.8.10,A
U01065,2025-03-25,Brazil,0.8.10,B
U01066,2025-03-22,Brazil,0.8.11,A
U01067,2025-03-24,Brazil,0.8.10,B
U01068,2025-03-26,Argentina,0.8.10,A
U01069,2025-03-24,Brazil,0.8.10,A
U01070,2025-03-24,Brazil,0.8.10,B
U01071,2025-03-24,Brazil,0.8.10,B
U01072,2025-03-21,Argentina,0.8.10,A
U01073,2025-03-21,Argentina,0.8.10,B
U01074,2025-03-22,Mexico,0.8.10,B
U01075,2025-03-20,Argentina,0.8.10,B
U01076,2025-03-24,Brazil,0.8.10,A
U01077,2025-03-25,Brazil,0.8.10,A
U01078,2025-03-20,Mexico,0.8.10,B
U01079,2025-03-25,Brazil,0.8.10,B
U01080,2025-03-20,Brazil,0.8.10,A
U01081,2025-03-22,Brazil,0.8.11,B
U01082,2025-03-24,Argentina,0.8.11,A
U01083,2025-03-24,Brazil,0.8.11,B
U01084,2025-03-23,Brazil,0.8.10,B
U01085,2025-03-25,Mexico,0.8.10,B
U01086,2025-03-20,Mexico,0.8.10,A
U01087,2025-03-20,Mexico,0.8.10,A
U01088,2025-03-27,Argentina,0.8.10,A
U01089,2025-03-27,Brazil,0.8.10,A
U01090,2025-03-21,Brazil,0.8.11,B
U01091,2025-03-23,Brazil,0.8.10,B
U01092,2025-03-26,Argentina,0.8.11,A
U01093,2025-03-27,Mexico,0.8.10,B
U01094,2025-03-26,Mexico,0.8.10,B
U01095,2025-03-21,Brazil,0.8.10,A
U01096,2025-03-21,Brazil,0.8.10,B
U01097,2025-03-21,Mexico,0.8.10,B
U01098,2025-03-25,Mexico,0.8.10,A
U01099,2025-03-25,Argentina,0.8.10,B
U01100,2025-03-22,Brazil,0.8.10,B
U01101,2025-03-22,Brazil,0.8.11,B
U01102,2025-03-21,Brazil,0.8.11,A
U01103,2025-03-23,Argentina,0.8.11,A
U01104,2025-03-20,Mexico,0.8.10,B
U01105,2025-03-25,Brazil,0.8.10,B
U01106,2025-03-23,Mexico,0.8.10,B
U01107,2025-03-24,Mexico,0.8.10,A
U01108,2025-03-25,Brazil,0.8.10,A
U01109,2025-03-25,Brazil,0.8.10,A
U01110,2025-03-22,Brazil,0.8.10,B
U01111,2025-03-20,Mexico,0.8.10,B
U01112,2025-03-20,Argentina,0.8.10,B
U01113,2025-03-27,Brazil,0.8.10,B
U01114,2025-03-26,Mexico,0.8.10,B
U01115,2025-03-26,Brazil,0.8.10,A
U01116,2025-03-26,Brazil,0.8.10,B
U01117,2025-03-26,Brazil,0.8.10,B
U01118,2025-03-24,Argentina,0.8.10,B
U01119,2025-03-24,Mexico,0.8.10,A
U01120,2025-03-25,Brazil,0.8.10,B
U01121,2025-03-21,Brazil,0.8.10,A
U01122,2025-03-22,Argentina,0.8.10,A
U01123,2025-03-22,Brazil,0.8.10,A
U01124,2025-03-26,Brazil,0.8.11,A
U01125,2025-03-25,Brazil,0.8.10,A
U01126,2025-03-27,Brazil,0.8.10,B
U01127,2025-03-23,Brazil,0.8.10,B
U01128,2025-03-21,Brazil,0.8.10,A
U01129,2025-03-25,Mexico,0.8.10,A
U01130,2025-03-21,Brazil,0.8.10,A
U01131,2025-03-21,Brazil,0.8.10,B
U01132,2025-03-21,Brazil,0.8.10,B
U01133,2025-03-25,Brazil,0.8.10,A
U01134,2025-03-26,Mexico,0.8.10,B
U01135,2025-03-22,Brazil,0.8.11,B
U01136,2025-03-22,Argentina,0.8.10,A
U01137,2025-03-26,Argentina,0.8.11,A
U01138,2025-03-21,Brazil,0.8.10,B
U01139,2025-03-23,Brazil,0.8.11,B
U01140,2025-03-20,Brazil,0.8.11,B
U01141,2025-03-25,Argentina,0.8.10,A
U01142,2025-03-20,Brazil,0.8.10,A
U01143,2025-03-27,Brazil,0.8.10,A
U01144,2025-03-26,Brazil,0.8.10,B
U01145,2025-03-23,Mexico,0.8.10,B
U01146,2025-03-25,Brazil,0.8.10,A
U01147,2025-03-26,Argentina,0.8.10,B
U01148,2025-03-21,Brazil,0.8.10,A
U01149,2025-03-22,Brazil,0.8.11,B
U01150,2025-03-20,Brazil,0.8.10,A
U01151,2025-03-24,Mexico,0.8.10,B
U01152,2025-03-24,Brazil,0.8.10,B
U01153,2025-03-23,Argentina,0.8.11,A
U01154,2025-03-21,Mexico,0.8.10,A
U01155,2025-03-27,Argentina,0.8.10,A
U01156,2025-03-20,Argentina,0.8.10,A
U01157,2025-03-21,Brazil,0.8.10,A
U01158,2025-03-20,Brazil,0.8.10,B
U01159,2025-03-23,Brazil,0.8.11,A
U01160,2025-03-23,Mexico,0.8.10,A
U01161,2025-03-27,Mexico,0.8.10,A
U01162,2025-03-24,Mexico,0.8.11,A
U01163,2025-03-21,Brazil,0.8.10,A
U01164,2025-03-25,Argentina,0.8.10,B
U01165,2025-03-24,Argentina,0.8.11,A
U01166,2025-03-21,Brazil,0.8.10,A
U01167,2025-03-24,Mexico,0.8.10,A
U01168,2025-03-25,Argentina,0.8.10,B
U01169,2025-03-22,Brazil,0.8.10,B
U01170,2025-03-22,Argentina,0.8.10,A
U01171,2025-03-27,Mexico,0.8.10,A
U01172,2025-03-22,Brazil,0.8.10,B
U01173,2025-03-22,Mexico,0.8.11,B
U01174,2025-03-26,Brazil,0.8.10,B
U01175,2025-03-20,Argentina,0.8.11,A
U01176,2025-03-26,Argentina,0.8.11,A
U01177,2025-03-26,Brazil,0.8.10,B
U01178,2025-03-27,Brazil,0.8.10,A
U01179,2025-03-26,Brazil,0.8.10,B
U01180,2025-03-22,Argentina,0.8.10,B
U01181,2025-03-25,Argentina,0.8.11,B
U01182,2025-03-27,Brazil,0.8.10,A
U01183,2025-03-27,Brazil,0.8.10,B
U01184,2025-03-23,Brazil,0.8.10,B
U01185,2025-03-27,Mexico,0.8.10,A
U01186,2025-03-23,Argentina,0.8.10,B
U01187,2025-03-27,Brazil,0.8.10,A
U01188,2025-03-20,Mexico,0.8.10,B
U01189,2025-03-22,Argentina,0.8.10,A
U01190,2025-03-27,Brazil,0.8.10,B
U01191,2025-03-22,Mexico,0.8.10,B
U01192,2025-03-22,Argentina,0.8.10,B
U01193,2025-03-24,Brazil,0.8.11,B
U01194,2025-03-27,Brazil,0.8.10,B
U01195,2025-03-21,Brazil,0.8.10,A
U01196,2025-03-24,Argentina,0.8.10,A
U01197,2025-03-21,Brazil,0.8.10,B
U01198,2025-03-22,Brazil,0.8.11,B
U01199,2025-03-22,Argentina,0.8.10,B
U01200,2025-03-24,Brazil,0.8.10,A
U01201,2025-03-24,Brazil,0.8.10,A
U01202,2025-03-21,Brazil,0.8.10,B
U01203,2025-03-23,Argentina,0.8.10,A
U01204,2025-03-21,Mexico,0.8.10,B
U01205,2025-03-24,Brazil,0.8.10,B
U01206,2025-03-25,Brazil,0.8.10,B
U01207,2025-03-24,Argentina,0.8.10,A
U01208,2025-03-25,Argentina,0.8.11,B
U01209,2025-03-20,Brazil,0.8.10,B
U01210,2025-03-24,Argentina,0.8.10,B
U01211,2025-03-20,Brazil,0.8.10,A
U01212,2025-03-23,Brazil,0.8.11,A
U01213,2025-03-21,Brazil,0.8.10,A
U01214,2025-03-25,Mexico,0.8.11,B
U01215,2025-03-21,Brazil,0.8.10,A
U01216,2025-03-20,Argentina,0.8.10,B
U01217,2025-03-25,Mexico,0.8.10,A
U01218,2025-03-21,Brazil,0.8.10,B
U01219,2025-03-24,Brazil,0.8.10,A
U01220,2025-03-22,Brazil,0.8.10,B
U01221,2025-03-20,Mexico,0.8.10,A
U01222,2025-03-21,Brazil,0.8.10,A
U01223,2025-03-20,Brazil,0.8.10,A
U01224,2025-03-26,Mexico,0.8.10,B
U01225,2025-03-20,Brazil,0.8.10,A
U01226,2025-03-25,Brazil,0.8.10,A
U01227,2025-03-26,Mexico,0.8.10,A
U01228,2025-03-27,Brazil,0.8.10,A
U01229,2025-03-25,Mexico,0.8.11,B
U01230,2025-03-22,Brazil,0.8.10,A
U01231,2025-03-26,Brazil,0.8.10,B
U01232,2025-03-27,Brazil,0.8.10,B
U01233,2025-03-24,Brazil,0.8.11,B
U01234,2025-03-20,Brazil,0.8.10,B
U01235,2025-03-21,Mexico,0.8.10,A
U01236,2025-03-23,Mexico,0.8.11,B
U01237,2025-03-20,Mexico,0.8.10,B
U01238,2025-03-27,Argentina,0.8.10,B
U01239,2025-03-20,Brazil,0.8.10,B
U01240,2025-03-22,Mexico,0.8.10,A
U01241,2025-03-24,Brazil,0.8.10,A
U01242,2025-03-23,Mexico,0.8.11,B
U01243,2025-03-26,Argentina,0.8.10,B
U01244,2025-03-26,Brazil,0.8.11,B
U01245,2025-03-26,Argentina,0.8.10,A
U01246,2025-03-27,Brazil,0.8.10,A
U01247,2025-03-25,Brazil,0.8.10,A
U01248,2025-03-25,Brazil,0.8.10,A
U01249,2025-03-21,Brazil,0.8.10,A
U01250,2025-03-23,Argentina,0.8.10,B
U01251,2025-03-26,Brazil,0.8.10,A
U01252,2025-03-25,Argentina,0.8.10,A
U01253,2025-03-27,Argentina,0.8.10,B
U01254,2025-03-21,Argentina,0.8.10,A
U01255,2025-03-24,Brazil,0.8.10,A
U01256,2025-03-21,Argentina,0.8.10,A
U01257,2025-03-25,Brazil,0.8.10,B
U01258,2025-03-22,Argentina,0.8.11,A
U01259,2025-03-27,Mexico,0.8.10,B
U01260,2025-03-22,Argentina,0.8.10,B
U01261,2025-03-26,Brazil,0.8.10,A
U01262,2025-03-22,Argentina,0.8.10,A
U01263,2025-03-26,Brazil,0.8.10,A
U01264,2025-03-26,Argentina,0.8.11,A
U01265,2025-03-25,Brazil,0.8.11,B
U01266,2025-03-22,Brazil,0.8.10,A
U01267,2025-03-26,Brazil,0.8.10,B
U01268,2025-03-23,Mexico,0.8.10,B
U01269,2025-03-24,Argentina,0.8.10,B
U01270,2025-03-21,Brazil,0.8.10,B
U01271,2025-03-21,Mexico,0.8.10,B
U01272,2025-03-25,Argentina,0.8.10,A
U01273,2025-03-22,Brazil,0.8.10,B
U01274,2025-03-22,Argentina,0.8.10,B
U01275,2025-03-26,Brazil,0.8.11,A
U01276,2025-03-27,Brazil,0.8.10,A
U01277,2025-03-20,Brazil,0.8.10,B
U01278,2025-03-26,Brazil,0.8.10,B
U01279,2025-03-24,Mexico,0.8.11,A
U01280,2025-03-23,Argentina,0.8.11,B
U01281,2025-03-21,Brazil,0.8.10,A
U01282,2025-03-26,Brazil,0.8.10,A
U01283,2025-03-20,Brazil,0.8.10,B
U01284,2025-03-20,Brazil,0.8.10,A
U01285,2025-03-26,Brazil,0.8.10,B
U01286,2025-03-25,Argentina,0.8.10,B
U01287,2025-03-21,Mexico,0.8.10,B
U01288,2025-03-25,Brazil,0.8.10,A
U01289,2025-03-23,Brazil,0.8.10,B
U01290,2025-03-20,Argentina,0.8.11,A
U01291,2025-03-20,Brazil,0.8.10,B
U01292,2025-03-24,Mexico,0.8.10,B
U01293,2025-03-23,Brazil,0.8.10,A
U01294,2025-03-20,Mexico,0.8.10,B
U01295,2025-03-23,Brazil,0.8.10,B
U01296,2025-03-21,Mexico,0.8.10,A
U01297,2025-03-22,Brazil,0.8.11,A
U01298,2025-03-20,Brazil,0.8.10,A
U01299,2025-03-24,Mexico,0.8.10,B
U01300,2025-03-21,Brazil,0.8.11,A
U01301,2025-03-26,Brazil,0.8.10,A
U01302,2025-03-23,Brazil,0.8.10,B
U01303,2025-03-26,Brazil,0.8.10,A
U01304,2025-03-25,Mexico,0.8.10,B
U01305,2025-03-21,Argentina,0.8.10,B
U01306,2025-03-26,Brazil,0.8.10,A
U01307,2025-03-27,Mexico,0.8.10,B
U01308,2025-03-27,Brazil,0.8.10,A
U01309,2025-03-20,Brazil,0.8.10,A
U01310,2025-03-23,Brazil,0.8.10,A
U01311,2025-03-22,Mexico,0.8.10,A
U01312,2025-03-21,Argentina,0.8.11,B
U01313,2025-03-20,Brazil,0.8.10,B
U01314,2025-03-24,Brazil,0.8.10,A
U01315,2025-03-25,Brazil,0.8.11,A
U01316,2025-03-23,Brazil,0.8.10,B
U01317,2025-03-21,Mexico,0.8.10,A
U01318,2025-03-27,Mexico,0.8.10,B
U01319,2025-03-21,Brazil,0.8.10,A
U01320,2025-03-22,Argentina,0.8.10,B
U01321,2025-03-27,Brazil,0.8.10,B
U01322,2025-03-22,Brazil,0.8.10,B
U01323,2025-03-24,Brazil,0.8.10,A
U01324,2025-03-25,Brazil,0.8.11,A
U01325,2025-03-24,Brazil,0.8.10,A
U01326,2025-03-20,Brazil,0.8.11,A
U01327,2025-03-20,Brazil,0.8.10,A
U01328,2025-03-24,Brazil,0.8.11,B
U01329,2025-03-25,Brazil,0.8.10,B
U01330,2025-03-24,Mexico,0.8.10,B
U01331,2025-03-25,Mexico,0.8.10,B
U01332,2025-03-25,Brazil,0.8.10,B
U01333,2025-03-26,Brazil,0.8.10,B
U01334,2025-03-27,Brazil,0.8.11,B
U01335,2025-03-23,Brazil,0.8.11,A
U01336,2025-03-25,Brazil,0.8.10,B
U01337,2025-03-22,Brazil,0.8.10,A
U01338,2025-03-25,Mexico,0.8.10,B
U01339,2025-03-25,Argentina,0.8.10,B
U01340,2025-03-25,Argentina,0.8.10,A
U01341,2025-03-26,Brazil,0.8.10,B
U01342,2025-03-27,Brazil,0.8.11,A
U01343,2025-03-26,Brazil,0.8.10,B
U01344,2025-03-20,Brazil,0.8.10,A
U01345,2025-03-26,Brazil,0.8.10,B
U01346,2025-03-22,Mexico,0.8.10,A
U01347,2025-03-22,Argentina,0.8.10,A
U01348,2025-03-26,Brazil,0.8.10,B
U01349,2025-03-27,Argentina,0.8.11,B
U01350,2025-03-24,Argentina,0.8.10,A
U01351,2025-03-23,Mexico,0.8.10,B
U01352,2025-03-27,Argentina,0.8.11,A
U01353,2025-03-26,Argentina,0.8.10,B
U01354,2025-03-25,Brazil,0.8.10,A
U01355,2025-03-21,Mexico,0.8.10,B
U01356,2025-03-23,Brazil,0.8.10,A
U01357,2025-03-23,Brazil,0.8.10,B
U01358,2025-03-22,Argentina,0.8.10,A
U01359,2025-03-23,Brazil,0.8.10,A
U01360,2025-03-26,Brazil,0.8.10,B
U01361,2025-03-25,Brazil,0.8.11,B
U01362,2025-03-25,Brazil,0.8.10,A
U01363,2025-03-20,Brazil,0.8.10,A
U01364,2025-03-25,Argentina,0.8.10,A
U01365,2025-03-27,Brazil,0.8.10,A
U01366,2025-03-25,Brazil,0.8.10,B
U01367,2025-03-22,Argentina,0.8.11,A
U01368,2025-03-25,Brazil,0.8.11,A
U01369,2025-03-20,Argentina,0.8.10,A
U01370,2025-03-21,Brazil,0.8.10,B
U01371,2025-03-26,Brazil,0.8.10,A
U01372,2025-03-22,Brazil,0.8.10,B
U01373,2025-03-27,Brazil,0.8.10,B
U01374,2025-03-21,Brazil,0.8.11,B
U01375,2025-03-22,Mexico,0.8.10,B
U01376,2025-03-24,Brazil,0.8.10,B
U01377,2025-03-23,Brazil,0.8.10,B
U01378,2025-03-24,Argentina,0.8.11,B
U01379,2025-03-25,Brazil,0.8.10,A
U01380,2025-03-21,Argentina,0.8.11,A
U01381,2025-03-25,Argentina,0.8.10,B
U01382,2025-03-23,Brazil,0.8.10,A
U01383,2025-03-22,Argentina,0.8.10,A
U01384,2025-03-23,Mexico,0.8.10,B
U01385,2025-03-20,Mexico,0.8.10,A
U01386,2025-03-23,Brazil,0.8.10,B
U01387,2025-03-20,Brazil,0.8.10,A
U01388,2025-03-23,Brazil,0.8.10,B
U01389,2025-03-26,Argentina,0.8.10,B
U01390,2025-03-20,Argentina,0.8.10,A
U01391,2025-03-21,Argentina,0.8.10,A
U01392,2025-03-25,Brazil,0.8.10,B
U01393,2025-03-27,Brazil,0.8.10,B
U01394,2025-03-25,Mexico,0.8.10,B
U01395,2025-03-24,Brazil,0.8.10,A
U01396,2025-03-25,Brazil,0.8.10,A
U01397,2025-03-22,Brazil,0.8.10,A
U01398,2025-03-26,Brazil,0.8.10,A
U01399,2025-03-23,Brazil,0.8.10,B
U01400,2025-03-24,Argentina,0.8.10,B
U01401,2025-03-22,Brazil,0.8.10,B
U01402,2025-03-22,Mexico,0.8.10,B
U01403,2025-03-20,Argentina,0.8.10,A
U01404,2025-03-25,Brazil,0.8.10,B
U01405,2025-03-21,Mexico,0.8.10,B
U01406,2025-03-27,Argentina,0.8.10,A
U01407,2025-03-21,Brazil,0.8.10,A
U01408,2025-03-24,Brazil,0.8.10,B
U01409,2025-03-26,Argentina,0.8.10,A
U01410,2025-03-21,Brazil,0.8.11,B
U01411,2025-03-23,Brazil,0.8.10,A
U01412,2025-03-21,Mexico,0.8.10,A
U01413,2025-03-24,Mexico,0.8.10,B
U01414,2025-03-27,Mexico,0.8.10,A
U01415,2025-03-21,Mexico,0.8.10,B
U01416,2025-03-23,Brazil,0.8.10,A
U01417,2025-03-20,Argentina,0.8.10,A
U01418,2025-03-26,Argentina,0.8.10,A
U01419,2025-03-24,Brazil,0.8.11,A
U01420,2025-03-20,Brazil,0.8.10,A
U01421,2025-03-20,Brazil,0.8.10,B
U01422,2025-03-20,Mexico,0.8.10,A
U01423,2025-03-22,Brazil,0.8.10,B
U01424,2025-03-26,Brazil,0.8.10,A
U01425,2025-03-27,Brazil,0.8.10,B
U01426,2025-03-25,Argentina,0.8.11,A
U01427,2025-03-26,Brazil,0.8.10,B
U01428,2025-03-22,Argentina,0.8.10,B
U01429,2025-03-25,Brazil,0.8.11,A
U01430,2025-03-26,Brazil,0.8.10,A
U01431,2025-03-20,Mexico,0.8.11,A
U01432,2025-03-24,Brazil,0.8.10,B
U01433,2025-03-25,Mexico,0.8.10,B
U01434,2025-03-23,Argentina,0.8.10,A
U01435,2025-03-23,Mexico,0.8.10,A
U01436,2025-03-21,Brazil,0.8.10,B
U01437,2025-03-25,Argentina,0.8.10,B
U01438,2025-03-24,Brazil,0.8.11,A
U01439,2025-03-27,Brazil,0.8.10,B
U01440,2025-03-22,Argentina,0.8.10,A
U01441,2025-03-20,Argentina,0.8.10,A
U01442,2025-03-21,Brazil,0.8.10,A
U01443,2025-03-23,Brazil,0.8.10,B
U01444,2025-03-22,Brazil,0.8.10,B
U01445,2025-03-22,Argentina,0.8.10,B
U01446,2025-03-20,Argentina,0.8.10,B
U01447,2025-03-27,Brazil,0.8.10,A
U01448,2025-03-27,Mexico,0.8.11,B
U01449,2025-03-25,Brazil,0.8.10,A
U01450,2025-03-23,Brazil,0.8.10,A
U01451,2025-03-27,Argentina,0.8.10,A
U01452,2025-03-24,Argentina,0.8.10,B
U01453,2025-03-27,Brazil,0.8.10,A
U01454,2025-03-22,Mexico,0.8.10,A
U01455,2025-03-20,Argentina,0.8.10,B
U01456,2025-03-24,Brazil,0.8.10,A
U01457,2025-03-25,Brazil,0.8.10,B
U01458,2025-03-23,Mexico,0.8.11,B
U01459,2025-03-25,Brazil,0.8.10,B
U01460,2025-03-22,Argentina,0.8.10,A
U01461,2025-03-24,Brazil,0.8.10,B
U01462,2025-03-24,Brazil,0.8.10,B
U01463,2025-03-24,Brazil,0.8.10,B
U01464,2025-03-22,Brazil,0.8.10,B
U01465,2025-03-22,Brazil,0.8.10,A
U01466,2025-03-25,Brazil,0.8.10,B
U01467,2025-03-21,Brazil,0.8.10,A
U01468,2025-03-25,Brazil,0.8.10,B
U01469,2025-03-23,Mexico,0.8.10,A
U01470,2025-03-20,Argentina,0.8.10,B
U01471,2025-03-24,Brazil,0.8.10,A
U01472,2025-03-21,Brazil,0.8.10,B
U01473,2025-03-20,Brazil,0.8.10,A
U01474,2025-03-21,Brazil,0.8.10,A
U01475,2025-03-27,Argentina,0.8.10,A
U01476,2025-03-27,Mexico,0.8.10,B
U01477,2025-03-26,Brazil,0.8.10,A
U01478,2025-03-27,Brazil,0.8.10,A
U01479,2025-03-25,Brazil,0.8.10,A
U01480,2025-03-27,Argentina,0.8.10,A
U01481,2025-03-22,Brazil,0.8.10,B
U01482,2025-03-24,Argentina,0.8.10,A
U01483,2025-03-25,Argentina,0.8.10,A
U01484,2025-03-20,Brazil,0.8.10,A
U01485,2025-03-26,Brazil,0.8.11,B
U01486,2025-03-26,Argentina,0.8.10,A
U01487,2025-03-26,Brazil,0.8.10,A
U01488,2025-03-20,Brazil,0.8.11,A
U01489,2025-03-20,Mexico,0.8.11,A
U01490,2025-03-20,Brazil,0.8.10,B
U01491,2025-03-20,Brazil,0.8.10,A
U01492,2025-03-26,Mexico,0.8.10,A
U01493,2025-03-26,Mexico,0.8.10,B
U01494,2025-03-21,Argentina,0.8.10,B
U01495,2025-03-25,Argentina,0.8.10,B
U01496,2025-03-24,Argentina,0.8.10,A
U01497,2025-03-27,Brazil,0.8.11,B
U01498,2025-03-27,Brazil,0.8.10,A
U01499,2025-03-22,Brazil,0.8.10,B
U01500,2025-03-26,Argentina,0.8.10,A
U01501,2025-03-22,Mexico,0.8.10,B
U01502,2025-03-25,Brazil,0.8.10,A
U01503,2025-03-25,Brazil,0.8.10,B
U01504,2025-03-22,Brazil,0.8.10,A
U01505,2025-03-26,Brazil,0.8.10,A
U01506,2025-03-22,Brazil,0.8.10,A
U01507,2025-03-27,Brazil,0.8.11,A
U01508,2025-03-21,Brazil,0.8.10,A
U01509,2025-03-27,Brazil,0.8.10,A
U01510,2025-03-23,Argentina,0.8.10,A
U01511,2025-03-26,Mexico,0.8.10,A
U01512,2025-03-26,Brazil,0.8.10,B
U01513,2025-03-24,Brazil,0.8.10,A
U01514,2025-03-20,Brazil,0.8.11,A
U01515,2025-03-23,Argentina,0.8.11,B
U01516,2025-03-25,Brazil,0.8.10,A
U01517,2025-03-26,Brazil,0.8.10,B
U01518,2025-03-22,Brazil,0.8.10,A
U01519,2025-03-23,Brazil,0.8.10,B
U01520,2025-03-24,Brazil,0.8.10,B
U01521,2025-03-25,Brazil,0.8.10,A
U01522,2025-03-20,Brazil,0.8.11,B
U01523,2025-03-20,Brazil,0.8.10,A
U01524,2025-03-24,Brazil,0.8.11,A
U01525,2025-03-24,Brazil,0.8.10,A
U01526,2025-03-22,Argentina,0.8.10,A
U01527,2025-03-26,Argentina,0.8.10,B
U01528,2025-03-20,Mexico,0.8.10,A
U01529,2025-03-25,Brazil,0.8.10,B
U01530,2025-03-23,Brazil,0.8.11,B
U01531,2025-03-25,Argentina,0.8.10,A
U01532,2025-03-21,Brazil,0.8.11,A
U01533,2025-03-21,Argentina,0.8.11,A
U01534,2025-03-24,Brazil,0.8.10,A
U01535,2025-03-22,Argentina,0.8.11,B
U01536,2025-03-21,Mexico,0.8.11,A
U01537,2025-03-20,Mexico,0.8.10,B
U01538,2025-03-25,Argentina,0.8.10,A
U01539,2025-03-25,Brazil,0.8.11,A
U01540,2025-03-24,Brazil,0.8.10,A
U01541,2025-03-26,Brazil,0.8.10,A
U01542,2025-03-26,Argentina,0.8.11,B
U01543,2025-03-23,Brazil,0.8.10,B
U01544,2025-03-24,Brazil,0.8.10,A
U01545,2025-03-27,Mexico,0.8.10,B
U01546,2025-03-23,Brazil,0.8.10,B
U01547,2025-03-27,Brazil,0.8.10,A
U01548,2025-03-26,Brazil,0.8.11,A
U01549,2025-03-24,Brazil,0.8.10,B
U01550,2025-03-27,Argentina,0.8.10,B
U01551,2025-03-24,Brazil,0.8.10,B
U01552,2025-03-24,Argentina,0.8.10,B
U01553,2025-03-26,Argentina,0.8.10,A
U01554,2025-03-23,Brazil,0.8.11,A
U01555,2025-03-23,Brazil,0.8.11,B
U01556,2025-03-24,Mexico,0.8.10,A
U01557,2025-03-21,Brazil,0.8.10,B
U01558,2025-03-22,Mexico,0.8.11,B
U01559,2025-03-26,Brazil,0.8.11,A
U01560,2025-03-22,Argentina,0.8.10,B
U01561,2025-03-22,Brazil,0.8.10,B
U01562,2025-03-23,Brazil,0.8.10,A
U01563,2025-03-23,Brazil,0.8.11,A
U01564,2025-03-21,Mexico,0.8.10,B
U01565,2025-03-22,Mexico,0.8.10,B
U01566,2025-03-22,Mexico,0.8.10,A
U01567,2025-03-24,Argentina,0.8.11,B
U01568,2025-03-23,Mexico,0.8.10,B
U01569,2025-03-22,Brazil,0.8.10,A
U01570,2025-03-25,Argentina,0.8.10,A
U01571,2025-03-21,Brazil,0.8.10,A
U01572,2025-03-27,Mexico,0.8.10,A
U01573,2025-03-25,Mexico,0.8.11,A
U01574,2025-03-25,Brazil,0.8.11,A
U01575,2025-03-27,Mexico,0.8.11,B
U01576,2025-03-26,Brazil,0.8.11,B
U01577,2025-03-26,Argentina,0.8.10,A
U01578,2025-03-21,Brazil,0.8.11,A
U01579,2025-03-25,Brazil,0.8.10,B
U01580,2025-03-22,Brazil,0.8.10,B
U01581,2025-03-23,Brazil,0.8.11,B
U01582,2025-03-21,Mexico,0.8.10,A
U01583,2025-03-24,Argentina,0.8.10,A
U01584,2025-03-27,Argentina,0.8.10,B
U01585,2025-03-25,Brazil,0.8.10,A
U01586,2025-03-21,Brazil,0.8.10,A
U01587,2025-03-20,Brazil,0.8.11,A
U01588,2025-03-20,Argentina,0.8.11,B
U01589,2025-03-26,Mexico,0.8.10,B
U01590,2025-03-27,Mexico,0.8.10,A
U01591,2025-03-23,Brazil,0.8.10,A
U01592,2025-03-22,Argentina,0.8.11,A
U01593,2025-03-23,Brazil,0.8.10,A
U01594,2025-03-23,Mexico,0.8.10,A
U01595,2025-03-23,Brazil,0.8.10,B
U01596,2025-03-27,Argentina,0.8.10,A
U01597,2025-03-23,Argentina,0.8.10,A
U01598,2025-03-24,Argentina,0.8.11,A
U01599,2025-03-27,Argentina,0.8.10,B
U01600,2025-03-24,Argentina,0.8.10,B
U01601,2025-03-27,Mexico,0.8.10,A
U01602,2025-03-26,Brazil,0.8.10,B
U01603,2025-03-21,Argentina,0.8.10,B
U01604,2025-03-20,Brazil,0.8.10,B
U01605,2025-03-23,Brazil,0.8.10,B
U01606,2025-03-26,Brazil,0.8.10,B
U01607,2025-03-21,Brazil,0.8.11,B
U01608,2025-03-20,Brazil,0.8.10,A
U01609,2025-03-25,Brazil,0.8.11,B
U01610,2025-03-22,Brazil,0.8.10,B
U01611,2025-03-24,Brazil,0.8.10,A
U01612,2025-03-25,Mexico,0.8.10,A
U01613,2025-03-27,Argentina,0.8.10,A
U01614,2025-03-20,Brazil,0.8.10,A
U01615,2025-03-25,Brazil,0.8.10,B
U01616,2025-03-22,Brazil,0.8.10,B
U01617,2025-03-26,Argentina,0.8.10,B
U01618,2025-03-20,Brazil,0.8.10,B
U01619,2025-03-25,Brazil,0.8.10,A
U01620,2025-03-24,Brazil,0.8.10,B
U01621,2025-03-24,Mexico,0.8.10,B
U01622,2025-03-21,Mexico,0.8.10,A
U01623,2025-03-25,Brazil,0.8.10,B
U01624,2025-03-23,Brazil,0.8.10,B
U01625,2025-03-25,Brazil,0.8.10,B
U01626,2025-03-26,Mexico,0.8.11,B
U01627,2025-03-20,Argentina,0.8.11,A
U01628,2025-03-20,Brazil,0.8.10,A
U01629,2025-03-26,Mexico,0.8.10,A
U01630,2025-03-25,Mexico,0.8.10,A
U01631,2025-03-26,Brazil,0.8.10,A
U01632,2025-03-22,Brazil,0.8.11,B
U01633,2025-03-27,Brazil,0.8.10,B
U01634,2025-03-26,Argentina,0.8.10,A
U01635,2025-03-24,Argentina,0.8.10,A
U01636,2025-03-26,Brazil,0.8.10,A
U01637,2025-03-20,Brazil,0.8.10,B
U01638,2025-03-24,Mexico,0.8.10,A
U01639,2025-03-20,Mexico,0.8.11,B
U01640,2025-03-21,Brazil,0.8.10,B
U01641,2025-03-23,Brazil,0.8.10,B
U01642,2025-03-20,Brazil,0.8.11,B
U01643,2025-03-24,Brazil,0.8.10,A
U01644,2025-03-21,Brazil,0.8.11,B
U01645,2025-03-20,Mexico,0.8.11,B
U01646,2025-03-22,Brazil,0.8.10,A
U01647,2025-03-26,Brazil,0.8.10,B
U01648,2025-03-23,Brazil,0.8.10,B
U01649,2025-03-20,Mexico,0.8.11,B
U01650,2025-03-21,Brazil,0.8.10,A
U01651,2025-03-22,Brazil,0.8.10,B
U01652,2025-03-25,Brazil,0.8.11,B
U01653,2025-03-21,Mexico,0.8.11,A
U01654,2025-03-26,Brazil,0.8.11,A
U01655,2025-03-21,Brazil,0.8.10,B
U01656,2025-03-22,Brazil,0.8.11,B
U01657,2025-03-21,Mexico,0.8.10,A
U01658,2025-03-22,Mexico,0.8.11,B
U01659,2025-03-20,Brazil,0.8.10,A
U01660,2025-03-27,Argentina,0.8.10,B
U01661,2025-03-22,Brazil,0.8.10,A
U01662,2025-03-22,Argentina,0.8.10,B
U01663,2025-03-23,Mexico,0.8.10,A
U01664,2025-03-22,Mexico,0.8.10,A
U01665,2025-03-22,Mexico,0.8.10,A
U01666,2025-03-25,Argentina,0.8.10,A
U01667,2025-03-27,Mexico,0.8.11,A
U01668,2025-03-20,Brazil,0.8.10,B
U01669,2025-03-26,Mexico,0.8.10,B
U01670,2025-03-23,Brazil,0.8.10,A
U01671,2025-03-25,Argentina,0.8.10,B
U01672,2025-03-24,Brazil,0.8.10,B
U01673,2025-03-27,Mexico,0.8.10,B
U01674,2025-03-20,Brazil,0.8.10,B
U01675,2025-03-20,Brazil,0.8.11,B
U01676,2025-03-24,Mexico,0.8.11,B
U01677,2025-03-26,Brazil,0.8.10,A
U01678,2025-03-22,Argentina,0.8.11,B
U01679,2025-03-25,Brazil,0.8.10,B
U01680,2025-03-21,Brazil,0.8.10,B
U01681,2025-03-23,Brazil,0.8.10,A
U01682,2025-03-21,Argentina,0.8.10,B
U01683,2025-03-24,Brazil,0.8.10,B
U01684,2025-03-20,Argentina,0.8.10,B
U01685,2025-03-26,Brazil,0.8.10,A
U01686,2025-03-20,Mexico,0.8.10,B
U01687,2025-03-23,Brazil,0.8.10,A
U01688,2025-03-20,Argentina,0.8.10,B
U01689,2025-03-20,Argentina,0.8.10,A
U01690,2025-03-23,Brazil,0.8.10,A
U01691,2025-03-25,Brazil,0.8.10,A
U01692,2025-03-25,Argentina,0.8.10,B
U01693,2025-03-23,Brazil,0.8.11,A
U01694,2025-03-26,Brazil,0.8.10,A
U01695,2025-03-24,Brazil,0.8.10,A
U01696,2025-03-27,Brazil,0.8.10,A
U01697,2025-03-20,Mexico,0.8.10,B
U01698,2025-03-26,Brazil,0.8.10,B
U01699,2025-03-20,Brazil,0.8.10,B
U01700,2025-03-27,Brazil,0.8.10,B
U01701,2025-03-24,Brazil,0.8.10,A
U01702,2025-03-25,Brazil,0.8.10,B
U01703,2025-03-26,Mexico,0.8.10,A
U01704,2025-03-22,Brazil,0.8.10,B
U01705,2025-03-22,Brazil,0.8.10,B
U01706,2025-03-27,Brazil,0.8.10,B
U01707,2025-03-22,Brazil,0.8.10,A
U01708,2025-03-25,Brazil,0.8.10,B
U01709,2025-03-27,Argentina,0.8.10,B
U01710,2025-03-25,Brazil,0.8.10,B
U01711,2025-03-24,Argentina,0.8.10,A
U01712,2025-03-20,Brazil,0.8.11,B
U01713,2025-03-24,Mexico,0.8.10,B
U01714,2025-03-24,Brazil,0.8.11,A
U01715,2025-03-25,Mexico,0.8.10,A
U01716,2025-03-27,Brazil,0.8.10,B
U01717,2025-03-27,Brazil,0.8.10,B
U01718,2025-03-22,Brazil,0.8.10,B
U01719,2025-03-21,Brazil,0.8.10,A
U01720,2025-03-20,Argentina,0.8.10,A
U01721,2025-03-25,Brazil,0.8.10,A
U01722,2025-03-22,Brazil,0.8.10,B
U01723,2025-03-26,Brazil,0.8.10,A
U01724,2025-03-21,Mexico,0.8.11,B
U01725,2025-03-21,Brazil,0.8.10,A
U01726,2025-03-25,Mexico,0.8.10,A
U01727,2025-03-23,Mexico,0.8.10,A
U01728,2025-03-20,Brazil,0.8.10,B
U01729,2025-03-21,Brazil,0.8.10,B
U01730,2025-03-25,Brazil,0.8.11,B
U01731,2025-03-25,Argentina,0.8.10,B
U01732,2025-03-22,Mexico,0.8.10,A
U01733,2025-03-26,Brazil,0.8.10,B
U01734,2025-03-23,Brazil,0.8.11,A
U01735,2025-03-20,Argentina,0.8.10,B
U01736,2025-03-27,Brazil,0.8.10,B
U01737,2025-03-24,Mexico,0.8.11,A
U01738,2025-03-26,Brazil,0.8.10,A
U01739,2025-03-26,Mexico,0.8.11,B
U01740,2025-03-22,Brazil,0.8.10,B
U01741,2025-03-27,Argentina,0.8.10,A
U01742,2025-03-21,Argentina,0.8.10,A
U01743,2025-03-21,Brazil,0.8.10,A
U01744,2025-03-22,Brazil,0.8.11,A
U01745,2025-03-25,Brazil,0.8.10,A
U01746,2025-03-21,Argentina,0.8.10,B
U01747,2025-03-23,Argentina,0.8.10,B
U01748,2025-03-20,Brazil,0.8.10,B
U01749,2025-03-26,Brazil,0.8.10,B
U01750,2025-03-26,Brazil,0.8.10,A
U01751,2025-03-23,Brazil,0.8.10,A
U01752,2025-03-27,Brazil,0.8.10,A
U01753,2025-03-21,Argentina,0.8.10,B
U01754,2025-03-26,Argentina,0.8.10,A
U01755,2025-03-24,Brazil,0.8.10,A
U01756,2025-03-27,Brazil,0.8.11,B
U01757,2025-03-20,Argentina,0.8.11,B
U01758,2025-03-20,Mexico,0.8.10,B
U01759,2025-03-26,Argentina,0.8.10,A
U01760,2025-03-22,Mexico,0.8.10,A
U01761,2025-03-27,Brazil,0.8.10,B
U01762,2025-03-26,Brazil,0.8.10,B
U01763,2025-03-22,Argentina,0.8.10,A
U01764,2025-03-26,Brazil,0.8.10,B
U01765,2025-03-24,Mexico,0.8.11,A
U01766,2025-03-27,Brazil,0.8.10,B
U01767,2025-03-25,Argentina,0.8.10,B
U01768,2025-03-20,Brazil,0.8.10,B
U01769,2025-03-26,Argentina,0.8.10,A
U01770,2025-03-24,Brazil,0.8.11,A
U01771,2025-03-22,Brazil,0.8.10,B
U01772,2025-03-22,Brazil,0.8.10,A
U01773,2025-03-20,Brazil,0.8.10,B
U01774,2025-03-23,Brazil,0.8.10,B
U01775,2025-03-26,Brazil,0.8.10,A
U01776,2025-03-27,Mexico,0.8.11,A
U01777,2025-03-21,Brazil,0.8.11,A
U01778,2025-03-22,Argentina,0.8.10,A
U01779,2025-03-27,Argentina,0.8.10,B
U01780,2025-03-27,Brazil,0.8.11,A
U01781,2025-03-25,Argentina,0.8.10,A
U01782,2025-03-27,Brazil,0.8.10,B
U01783,2025-03-27,Mexico,0.8.10,B
U01784,2025-03-25,Brazil,0.8.10,B
U01785,2025-03-22,Mexico,0.8.10,B
U01786,2025-03-27,Brazil,0.8.10,A
U01787,2025-03-23,Brazil,0.8.10,A
U01788,2025-03-23,Brazil,0.8.10,B
U01789,2025-03-24,Mexico,0.8.10,B
U01790,2025-03-25,Argentina,0.8.11,A
U01791,2025-03-24,Brazil,0.8.11,A
U01792,2025-03-25,Brazil,0.8.11,A
U01793,2025-03-26,Brazil,0.8.10,A
U01794,2025-03-26,Brazil,0.8.10,A
U01795,2025-03-27,Brazil,0.8.10,B
U01796,2025-03-21,Brazil,0.8.10,B
U01797,2025-03-26,Brazil,0.8.10,B
U01798,2025-03-21,Brazil,0.8.10,B
U01799,2025-03-26,Mexico,0.8.10,A
U01800,2025-03-20,Mexico,0.8.11,B
U01801,2025-03-26,Brazil,0.8.10,A
U01802,2025-03-24,Mexico,0.8.10,A
U01803,2025-03-22,Brazil,0.8.10,A
U01804,2025-03-27,Mexico,0.8.11,A
U01805,2025-03-24,Mexico,0.8.10,A
U01806,2025-03-22,Brazil,0.8.11,A
U01807,2025-03-23,Argentina,0.8.11,A
U01808,2025-03-24,Mexico,0.8.10,B
U01809,2025-03-23,Brazil,0.8.10,A
U01810,2025-03-21,Argentina,0.8.10,B
U01811,2025-03-21,Brazil,0.8.10,B
U01812,2025-03-20,Argentina,0.8.10,A
U01813,2025-03-26,Brazil,0.8.10,A
U01814,2025-03-24,Brazil,0.8.11,B
U01815,2025-03-23,Mexico,0.8.11,B
U01816,2025-03-22,Mexico,0.8.10,B
U01817,2025-03-21,Brazil,0.8.10,B
U01818,2025-03-26,Argentina,0.8.10,A
U01819,2025-03-21,Brazil,0.8.10,A
U01820,2025-03-22,Mexico,0.8.10,A
U01821,2025-03-26,Argentina,0.8.10,B
U01822,2025-03-26,Mexico,0.8.10,A
U01823,2025-03-23,Mexico,0.8.10,B
U01824,2025-03-23,Brazil,0.8.11,A
U01825,2025-03-24,Brazil,0.8.10,B
U01826,2025-03-24,Mexico,0.8.10,A
U01827,2025-03-25,Brazil,0.8.10,A
U01828,2025-03-27,Mexico,0.8.10,B
U01829,2025-03-25,Mexico,0.8.10,B
U01830,2025-03-20,Brazil,0.8.10,B
U01831,2025-03-21,Brazil,0.8.10,B
U01832,2025-03-24,Brazil,0.8.10,B
U01833,2025-03-23,Brazil,0.8.10,A
U01834,2025-03-22,Brazil,0.8.10,B
U01835,2025-03-23,Mexico,0.8.10,A
U01836,2025-03-21,Brazil,0.8.11,A
U01837,2025-03-25,Brazil,0.8.10,A
U01838,2025-03-23,Brazil,0.8.11,A
U01839,2025-03-27,Mexico,0.8.10,A
U01840,2025-03-20,Argentina,0.8.11,B
U01841,2025-03-21,Mexico,0.8.10,B
U01842,2025-03-25,Argentina,0.8.10,A
U01843,2025-03-27,Brazil,0.8.10,A
U01844,2025-03-22,Argentina,0.8.10,B
U01845,2025-03-25,Brazil,0.8.10,B
U01846,2025-03-26,Brazil,0.8.10,A
U01847,2025-03-27,Argentina,0.8.10,B
U01848,2025-03-27,Mexico,0.8.10,B
U01849,2025-03-20,Brazil,0.8.10,B
U01850,2025-03-21,Mexico,0.8.10,A
U01851,2025-03-22,Brazil,0.8.10,B
U01852,2025-03-20,Brazil,0.8.10,A
U01853,2025-03-25,Argentina,0.8.10,A
U01854,2025-03-20,Brazil,0.8.11,A
U01855,2025-03-27,Mexico,0.8.10,A
U01856,2025-03-21,Brazil,0.8.10,A
U01857,2025-03-24,Brazil,0.8.11,B
U01858,2025-03-20,Argentina,0.8.10,A
U01859,2025-03-26,Brazil,0.8.10,A
U01860,2025-03-20,Brazil,0.8.10,A
U01861,2025-03-25,Brazil,0.8.10,B
U01862,2025-03-25,Brazil,0.8.10,B
U01863,2025-03-22,Mexico,0.8.10,B
U01864,2025-03-25,Mexico,0.8.10,B
U01865,2025-03-23,Argentina,0.8.11,B
U01866,2025-03-21,Mexico,0.8.10,B
U01867,2025-03-21,Brazil,0.8.10,B
U01868,2025-03-24,Mexico,0.8.10,A
U01869,2025-03-24,Argentina,0.8.10,A
U01870,2025-03-21,Brazil,0.8.10,B
U01871,2025-03-26,Brazil,0.8.10,A
U01872,2025-03-24,Mexico,0.8.11,A
U01873,2025-03-22,Brazil,0.8.11,B
U01874,2025-03-25,Brazil,0.8.10,A
U01875,2025-03-21,Mexico,0.8.10,A
U01876,2025-03-27,Argentina,0.8.10,B
U01877,2025-03-24,Mexico,0.8.10,A
U01878,2025-03-21,Brazil,0.8.10,B
U01879,2025-03-23,Argentina,0.8.10,B
U01880,2025-03-20,Mexico,0.8.10,A
U01881,2025-03-25,Brazil,0.8.10,A
U01882,2025-03-21,Argentina,0.8.11,A
U01883,2025-03-20,Brazil,0.8.10,B
U01884,2025-03-24,Brazil,0.8.10,B
U01885,2025-03-20,Argentina,0.8.10,B
U01886,2025-03-25,Brazil,0.8.10,A
U01887,2025-03-21,Brazil,0.8.10,A
U01888,2025-03-23,Brazil,0.8.10,B
U01889,2025-03-26,Brazil,0.8.10,A
U01890,2025-03-24,Argentina,0.8.10,A
U01891,2025-03-21,Argentina,0.8.10,B
U01892,2025-03-25,Argentina,0.8.10,B
U01893,2025-03-24,Brazil,0.8.10,A
U01894,2025-03-22,Argentina,0.8.11,B
U01895,2025-03-20,Brazil,0.8.10,A
U01896,2025-03-26,Brazil,0.8.10,B
U01897,2025-03-25,Brazil,0.8.10,B
U01898,2025-03-22,Brazil,0.8.10,B
U01899,2025-03-27,Brazil,0.8.10,A
U01900,2025-03-21,Brazil,0.8.10,A
U01901,2025-03-23,Brazil,0.8.10,B
U01902,2025-03-24,Brazil,0.8.11,B
U01903,2025-03-20,Brazil,0.8.10,B
U01904,2025-03-24,Mexico,0.8.10,A
U01905,2025-03-26,Brazil,0.8.10,B
U01906,2025-03-21,Brazil,0.8.10,B
U01907,2025-03-24,Argentina,0.8.10,B
U01908,2025-03-20,Brazil,0.8.10,B
U01909,2025-03-21,Argentina,0.8.10,A
U01910,2025-03-24,Mexico,0.8.10,A
U01911,2025-03-23,Brazil,0.8.10,B
U01912,2025-03-25,Brazil,0.8.10,A
U01913,2025-03-21,Argentina,0.8.10,A
U01914,2025-03-25,Mexico,0.8.10,A
U01915,2025-03-27,Brazil,0.8.11,B
U01916,2025-03-21,Brazil,0.8.10,A
U01917,2025-03-23,Brazil,0.8.10,A
U01918,2025-03-25,Brazil,0.8.10,A
U01919,2025-03-22,Brazil,0.8.10,B
U01920,2025-03-20,Brazil,0.8.10,B
U01921,2025-03-22,Brazil,0.8.11,A
U01922,2025-03-24,Mexico,0.8.10,A
U01923,2025-03-23,Mexico,0.8.10,B
U01924,2025-03-22,Mexico,0.8.10,B
U01925,2025-03-21,Brazil,0.8.10,A
U01926,2025-03-24,Mexico,0.8.10,A
U01927,2025-03-24,Brazil,0.8.10,B
U01928,2025-03-22,Brazil,0.8.10,B
U01929,2025-03-27,Brazil,0.8.10,A
U01930,2025-03-22,Brazil,0.8.10,B
U01931,2025-03-27,Mexico,0.8.10,A
U01932,2025-03-23,Argentina,0.8.10,A
U01933,2025-03-20,Brazil,0.8.10,A
U01934,2025-03-22,Brazil,0.8.10,B
U01935,2025-03-26,Brazil,0.8.10,A
U01936,2025-03-27,Brazil,0.8.10,A
U01937,2025-03-22,Brazil,0.8.10,B
U01938,2025-03-25,Brazil,0.8.10,B
U01939,2025-03-21,Brazil,0.8.10,A
U01940,2025-03-26,Brazil,0.8.10,A
U01941,2025-03-26,Brazil,0.8.11,B
U01942,2025-03-27,Brazil,0.8.10,B
U01943,2025-03-25,Brazil,0.8.10,B
U01944,2025-03-25,Argentina,0.8.10,A
U01945,2025-03-24,Brazil,0.8.10,A
U01946,2025-03-27,Mexico,0.8.10,A
U01947,2025-03-20,Brazil,0.8.10,B
U01948,2025-03-21,Mexico,0.8.10,A
U01949,2025-03-23,Mexico,0.8.10,B
U01950,2025-03-26,Mexico,0.8.10,A
U01951,2025-03-23,Argentina,0.8.10,B
U01952,2025-03-22,Brazil,0.8.10,A
U01953,2025-03-22,Brazil,0.8.10,A
U01954,2025-03-23,Argentina,0.8.11,B
U01955,2025-03-22,Brazil,0.8.10,B
U01956,2025-03-20,Brazil,0.8.10,A
U01957,2025-03-25,Brazil,0.8.10,B
U01958,2025-03-22,Brazil,0.8.10,B
U01959,2025-03-24,Argentina,0.8.10,A
U01960,2025-03-22,Brazil,0.8.10,B
U01961,2025-03-21,Brazil,0.8.10,A
U01962,2025-03-20,Brazil,0.8.10,A
U01963,2025-03-21,Argentina,0.8.10,B
U01964,2025-03-21,Mexico,0.8.11,B
U01965,2025-03-24,Mexico,0.8.10,A
U01966,2025-03-20,Brazil,0.8.10,A
U01967,2025-03-20,Mexico,0.8.10,A
U01968,2025-03-27,Mexico,0.8.10,A
U01969,2025-03-20,Brazil,0.8.10,A
U01970,2025-03-20,Brazil,0.8.10,A
U01971,2025-03-20,Brazil,0.8.10,B
U01972,2025-03-24,Brazil,0.8.11,B
U01973,2025-03-22,Brazil,0.8.11,B
U01974,2025-03-27,Brazil,0.8.11,A
U01975,2025-03-21,Argentina,0.8.10,B
U01976,2025-03-20,Argentina,0.8.10,A
U01977,2025-03-26,Brazil,0.8.10,A
U01978,2025-03-22,Brazil,0.8.10,B
U01979,2025-03-22,Brazil,0.8.10,A
U01980,2025-03-21,Mexico,0.8.10,A
U01981,2025-03-24,Argentina,0.8.10,A
U01982,2025-03-23,Brazil,0.8.10,A
U01983,2025-03-23,Brazil,0.8.10,A
U01984,2025-03-22,Brazil,0.8.11,A
U01985,2025-03-25,Mexico,0.8.10,B
U01986,2025-03-25,Mexico,0.8.10,A
U01987,2025-03-21,Brazil,0.8.10,A
U01988,2025-03-23,Brazil,0.8.10,A
U01989,2025-03-22,Brazil,0.8.11,A
U01990,2025-03-24,Mexico,0.8.10,B
U01991,2025-03-23,Mexico,0.8.10,B
U01992,2025-03-22,Mexico,0.8.10,A
U01993,2025-03-22,Brazil,0.8.11,A
U01994,2025-03-20,Mexico,0.8.10,A
U01995,2025-03-24,Brazil,0.8.11,B
U01996,2025-03-20,Brazil,0.8.10,B
U01997,2025-03-21,Brazil,0.8.10,B
U01998,2025-03-20,Brazil,0.8.10,B
U01999,2025-03-26,Brazil,0.8.11,A
U02000,2025-03-20,Brazil,0.8.10,B
